ID,League,date,Currency,PriceCurrency,Value,CurrencyID
0,Abyss,2017-12-08,Chromatic Orb,Chaos Orb,1.29067,6
1,Abyss,2017-12-09,Chromatic Orb,Chaos Orb,0.38143,6
2,Abyss,2017-12-10,Chromatic Orb,Chaos Orb,0.06158,6
3,Abyss,2017-12-11,Chromatic Orb,Chaos Orb,0.07078,6
4,Abyss,2017-12-12,Chromatic Orb,Chaos Orb,0.07772,6
5,Abyss,2017-12-13,Chromatic Orb,Chaos Orb,0.07616,6
6,Abyss,2017-12-14,Chromatic Orb,Chaos Orb,0.07386,6
7,Abyss,2017-12-15,Chromatic Orb,Chaos Orb,0.07122,6
8,Abyss,2017-12-16,Chromatic Orb,Chaos Orb,0.07023,6
9,Abyss,2017-12-17,Chromatic Orb,Chaos Orb,0.06905,6
10,Abyss,2017-12-18,Chromatic Orb,Chaos Orb,0.06658,6
11,Abyss,2017-12-19,Chromatic Orb,Chaos Orb,0.06376,6
12,Abyss,2017-12-20,Chromatic Orb,Chaos Orb,0.06098,6
13,Abyss,2017-12-21,Chromatic Orb,Chaos Orb,0.06285,6
14,Abyss,2017-12-22,Chromatic Orb,Chaos Orb,0.06117,6
15,Abyss,2017-12-23,Chromatic Orb,Chaos Orb,0.0619,6
16,Abyss,2017-12-24,Chromatic Orb,Chaos Orb,0.06085,6
17,Abyss,2017-12-25,Chromatic Orb,Chaos Orb,0.0608,6
18,Abyss,2017-12-26,Chromatic Orb,Chaos Orb,0.05981,6
19,Abyss,2017-12-27,Chromatic Orb,Chaos Orb,0.06304,6
20,Abyss,2017-12-28,Chromatic Orb,Chaos Orb,0.06846,6
21,Abyss,2017-12-29,Chromatic Orb,Chaos Orb,0.08103,6
22,Abyss,2017-12-30,Chromatic Orb,Chaos Orb,0.09017,6
23,Abyss,2017-12-31,Chromatic Orb,Chaos Orb,0.09175,6
24,Abyss,2018-01-01,Chromatic Orb,Chaos Orb,0.09046,6
25,Abyss,2018-01-02,Chromatic Orb,Chaos Orb,0.08764,6
26,Abyss,2018-01-03,Chromatic Orb,Chaos Orb,0.08358,6
27,Abyss,2018-01-04,Chromatic Orb,Chaos Orb,0.08658,6
28,Abyss,2018-01-05,Chromatic Orb,Chaos Orb,0.08985,6
29,Abyss,2018-01-06,Chromatic Orb,Chaos Orb,0.09569,6
30,Abyss,2018-01-07,Chromatic Orb,Chaos Orb,0.0955,6
31,Abyss,2018-01-08,Chromatic Orb,Chaos Orb,0.09491,6
32,Abyss,2018-01-09,Chromatic Orb,Chaos Orb,0.09223,6
33,Abyss,2018-01-10,Chromatic Orb,Chaos Orb,0.09096,6
34,Abyss,2018-01-11,Chromatic Orb,Chaos Orb,0.09084,6
35,Abyss,2018-01-12,Chromatic Orb,Chaos Orb,0.09133,6
36,Abyss,2018-01-13,Chromatic Orb,Chaos Orb,0.09427,6
37,Abyss,2018-01-14,Chromatic Orb,Chaos Orb,0.09764,6
38,Abyss,2018-01-15,Chromatic Orb,Chaos Orb,0.09715,6
39,Abyss,2018-01-16,Chromatic Orb,Chaos Orb,0.09734,6
40,Abyss,2018-01-17,Chromatic Orb,Chaos Orb,0.09739,6
41,Abyss,2018-01-18,Chromatic Orb,Chaos Orb,0.09678,6
42,Abyss,2018-01-19,Chromatic Orb,Chaos Orb,0.09773,6
43,Abyss,2018-01-20,Chromatic Orb,Chaos Orb,0.0995,6
44,Abyss,2018-01-21,Chromatic Orb,Chaos Orb,0.10154,6
45,Abyss,2018-01-22,Chromatic Orb,Chaos Orb,0.10425,6
46,Abyss,2018-01-23,Chromatic Orb,Chaos Orb,0.10342,6
47,Abyss,2018-01-24,Chromatic Orb,Chaos Orb,0.10826,6
48,Abyss,2018-01-25,Chromatic Orb,Chaos Orb,0.10836,6
49,Abyss,2018-01-26,Chromatic Orb,Chaos Orb,0.10922,6
50,Abyss,2018-01-27,Chromatic Orb,Chaos Orb,0.11038,6
51,Abyss,2018-01-28,Chromatic Orb,Chaos Orb,0.11094,6
52,Abyss,2018-01-29,Chromatic Orb,Chaos Orb,0.1097,6
53,Abyss,2018-01-30,Chromatic Orb,Chaos Orb,0.10844,6
54,Abyss,2018-01-31,Chromatic Orb,Chaos Orb,0.1066,6
55,Abyss,2018-02-01,Chromatic Orb,Chaos Orb,0.1064,6
56,Abyss,2018-02-02,Chromatic Orb,Chaos Orb,0.10342,6
57,Abyss,2018-02-03,Chromatic Orb,Chaos Orb,0.1014,6
58,Abyss,2018-02-04,Chromatic Orb,Chaos Orb,0.10068,6
59,Abyss,2018-02-05,Chromatic Orb,Chaos Orb,0.10183,6
60,Abyss,2018-02-06,Chromatic Orb,Chaos Orb,0.10028,6
61,Abyss,2018-02-07,Chromatic Orb,Chaos Orb,0.10062,6
62,Abyss,2018-02-08,Chromatic Orb,Chaos Orb,0.09971,6
63,Abyss,2018-02-09,Chromatic Orb,Chaos Orb,0.09634,6
64,Abyss,2018-02-10,Chromatic Orb,Chaos Orb,0.09586,6
65,Abyss,2018-02-11,Chromatic Orb,Chaos Orb,0.0959,6
66,Abyss,2018-02-12,Chromatic Orb,Chaos Orb,0.09529,6
67,Abyss,2018-02-13,Chromatic Orb,Chaos Orb,0.09341,6
68,Abyss,2018-02-14,Chromatic Orb,Chaos Orb,0.09489,6
69,Abyss,2018-02-15,Chromatic Orb,Chaos Orb,0.09627,6
70,Abyss,2018-02-16,Chromatic Orb,Chaos Orb,0.09636,6
71,Abyss,2018-02-17,Chromatic Orb,Chaos Orb,0.09925,6
72,Abyss,2018-02-18,Chromatic Orb,Chaos Orb,0.09812,6
73,Abyss,2018-02-19,Chromatic Orb,Chaos Orb,0.09677,6
74,Abyss,2018-02-20,Chromatic Orb,Chaos Orb,0.09647,6
75,Abyss,2018-02-21,Chromatic Orb,Chaos Orb,0.09632,6
76,Abyss,2018-02-22,Chromatic Orb,Chaos Orb,0.09459,6
77,Abyss,2018-02-23,Chromatic Orb,Chaos Orb,0.09557,6
78,Abyss,2018-02-24,Chromatic Orb,Chaos Orb,0.09412,6
79,Abyss,2018-02-25,Chromatic Orb,Chaos Orb,0.09425,6
80,Abyss,2018-02-26,Chromatic Orb,Chaos Orb,0.09479,6
81,Abyss,2017-12-08,Orb of Regret,Chaos Orb,1.77724,7
82,Abyss,2017-12-09,Orb of Regret,Chaos Orb,0.73356,7
83,Abyss,2017-12-10,Orb of Regret,Chaos Orb,0.51162,7
84,Abyss,2017-12-11,Orb of Regret,Chaos Orb,0.63973,7
85,Abyss,2017-12-12,Orb of Regret,Chaos Orb,0.69709,7
86,Abyss,2017-12-13,Orb of Regret,Chaos Orb,0.70815,7
87,Abyss,2017-12-14,Orb of Regret,Chaos Orb,0.65709,7
88,Abyss,2017-12-15,Orb of Regret,Chaos Orb,0.62656,7
89,Abyss,2017-12-16,Orb of Regret,Chaos Orb,0.59666,7
90,Abyss,2017-12-17,Orb of Regret,Chaos Orb,0.58008,7
91,Abyss,2017-12-18,Orb of Regret,Chaos Orb,0.52976,7
92,Abyss,2017-12-19,Orb of Regret,Chaos Orb,0.51644,7
93,Abyss,2017-12-20,Orb of Regret,Chaos Orb,0.52723,7
94,Abyss,2017-12-21,Orb of Regret,Chaos Orb,0.54245,7
95,Abyss,2017-12-22,Orb of Regret,Chaos Orb,0.5409,7
96,Abyss,2017-12-23,Orb of Regret,Chaos Orb,0.51487,7
97,Abyss,2017-12-24,Orb of Regret,Chaos Orb,0.48944,7
98,Abyss,2017-12-25,Orb of Regret,Chaos Orb,0.48721,7
99,Abyss,2017-12-26,Orb of Regret,Chaos Orb,0.48723,7
100,Abyss,2017-12-27,Orb of Regret,Chaos Orb,0.49632,7
101,Abyss,2017-12-28,Orb of Regret,Chaos Orb,0.49833,7
102,Abyss,2017-12-29,Orb of Regret,Chaos Orb,0.54332,7
103,Abyss,2017-12-30,Orb of Regret,Chaos Orb,0.58865,7
104,Abyss,2017-12-31,Orb of Regret,Chaos Orb,0.61267,7
105,Abyss,2018-01-01,Orb of Regret,Chaos Orb,0.613,7
106,Abyss,2018-01-02,Orb of Regret,Chaos Orb,0.57949,7
107,Abyss,2018-01-03,Orb of Regret,Chaos Orb,0.55276,7
108,Abyss,2018-01-04,Orb of Regret,Chaos Orb,0.54517,7
109,Abyss,2018-01-05,Orb of Regret,Chaos Orb,0.53162,7
110,Abyss,2018-01-06,Orb of Regret,Chaos Orb,0.54758,7
111,Abyss,2018-01-07,Orb of Regret,Chaos Orb,0.55273,7
112,Abyss,2018-01-08,Orb of Regret,Chaos Orb,0.55443,7
113,Abyss,2018-01-09,Orb of Regret,Chaos Orb,0.55235,7
114,Abyss,2018-01-10,Orb of Regret,Chaos Orb,0.54146,7
115,Abyss,2018-01-11,Orb of Regret,Chaos Orb,0.55137,7
116,Abyss,2018-01-12,Orb of Regret,Chaos Orb,0.55574,7
117,Abyss,2018-01-13,Orb of Regret,Chaos Orb,0.56134,7
118,Abyss,2018-01-14,Orb of Regret,Chaos Orb,0.56241,7
119,Abyss,2018-01-15,Orb of Regret,Chaos Orb,0.55249,7
120,Abyss,2018-01-16,Orb of Regret,Chaos Orb,0.55794,7
121,Abyss,2018-01-17,Orb of Regret,Chaos Orb,0.56033,7
122,Abyss,2018-01-18,Orb of Regret,Chaos Orb,0.55827,7
123,Abyss,2018-01-19,Orb of Regret,Chaos Orb,0.56499,7
124,Abyss,2018-01-20,Orb of Regret,Chaos Orb,0.56769,7
125,Abyss,2018-01-21,Orb of Regret,Chaos Orb,0.56525,7
126,Abyss,2018-01-22,Orb of Regret,Chaos Orb,0.575,7
127,Abyss,2018-01-23,Orb of Regret,Chaos Orb,0.59344,7
128,Abyss,2018-01-24,Orb of Regret,Chaos Orb,0.61911,7
129,Abyss,2018-01-25,Orb of Regret,Chaos Orb,0.6274,7
130,Abyss,2018-01-26,Orb of Regret,Chaos Orb,0.65658,7
131,Abyss,2018-01-27,Orb of Regret,Chaos Orb,0.64741,7
132,Abyss,2018-01-28,Orb of Regret,Chaos Orb,0.66761,7
133,Abyss,2018-01-29,Orb of Regret,Chaos Orb,0.64952,7
134,Abyss,2018-01-30,Orb of Regret,Chaos Orb,0.66104,7
135,Abyss,2018-01-31,Orb of Regret,Chaos Orb,0.65644,7
136,Abyss,2018-02-01,Orb of Regret,Chaos Orb,0.66485,7
137,Abyss,2018-02-02,Orb of Regret,Chaos Orb,0.6558,7
138,Abyss,2018-02-03,Orb of Regret,Chaos Orb,0.65727,7
139,Abyss,2018-02-04,Orb of Regret,Chaos Orb,0.66369,7
140,Abyss,2018-02-05,Orb of Regret,Chaos Orb,0.6626,7
141,Abyss,2018-02-06,Orb of Regret,Chaos Orb,0.66345,7
142,Abyss,2018-02-07,Orb of Regret,Chaos Orb,0.66082,7
143,Abyss,2018-02-08,Orb of Regret,Chaos Orb,0.66359,7
144,Abyss,2018-02-09,Orb of Regret,Chaos Orb,0.63471,7
145,Abyss,2018-02-10,Orb of Regret,Chaos Orb,0.65491,7
146,Abyss,2018-02-11,Orb of Regret,Chaos Orb,0.66204,7
147,Abyss,2018-02-12,Orb of Regret,Chaos Orb,0.64882,7
148,Abyss,2018-02-13,Orb of Regret,Chaos Orb,0.63384,7
149,Abyss,2018-02-14,Orb of Regret,Chaos Orb,0.62484,7
150,Abyss,2018-02-15,Orb of Regret,Chaos Orb,0.64284,7
151,Abyss,2018-02-16,Orb of Regret,Chaos Orb,0.66416,7
152,Abyss,2018-02-17,Orb of Regret,Chaos Orb,0.66553,7
153,Abyss,2018-02-18,Orb of Regret,Chaos Orb,0.66529,7
154,Abyss,2018-02-19,Orb of Regret,Chaos Orb,0.66667,7
155,Abyss,2018-02-20,Orb of Regret,Chaos Orb,0.66248,7
156,Abyss,2018-02-21,Orb of Regret,Chaos Orb,0.66549,7
157,Abyss,2018-02-22,Orb of Regret,Chaos Orb,0.68581,7
158,Abyss,2018-02-23,Orb of Regret,Chaos Orb,0.67491,7
159,Abyss,2018-02-24,Orb of Regret,Chaos Orb,0.66921,7
160,Abyss,2018-02-25,Orb of Regret,Chaos Orb,0.7329,7
161,Abyss,2018-02-26,Orb of Regret,Chaos Orb,0.69492,7
162,Abyss,2017-12-08,Orb of Augmentation,Chaos Orb,5,11
163,Abyss,2017-12-09,Orb of Augmentation,Chaos Orb,0.63528,11
164,Abyss,2017-12-10,Orb of Augmentation,Chaos Orb,0.06723,11
165,Abyss,2017-12-11,Orb of Augmentation,Chaos Orb,0.04969,11
166,Abyss,2017-12-12,Orb of Augmentation,Chaos Orb,0.04021,11
167,Abyss,2017-12-13,Orb of Augmentation,Chaos Orb,0.03527,11
168,Abyss,2017-12-14,Orb of Augmentation,Chaos Orb,0.03312,11
169,Abyss,2017-12-15,Orb of Augmentation,Chaos Orb,0.03201,11
170,Abyss,2017-12-16,Orb of Augmentation,Chaos Orb,0.02877,11
171,Abyss,2017-12-17,Orb of Augmentation,Chaos Orb,0.02654,11
172,Abyss,2017-12-18,Orb of Augmentation,Chaos Orb,0.02534,11
173,Abyss,2017-12-19,Orb of Augmentation,Chaos Orb,0.02437,11
174,Abyss,2017-12-20,Orb of Augmentation,Chaos Orb,0.02255,11
175,Abyss,2017-12-21,Orb of Augmentation,Chaos Orb,0.02223,11
176,Abyss,2017-12-22,Orb of Augmentation,Chaos Orb,0.02323,11
177,Abyss,2017-12-23,Orb of Augmentation,Chaos Orb,0.02334,11
178,Abyss,2017-12-24,Orb of Augmentation,Chaos Orb,0.02223,11
179,Abyss,2017-12-25,Orb of Augmentation,Chaos Orb,0.02224,11
180,Abyss,2017-12-26,Orb of Augmentation,Chaos Orb,0.02563,11
181,Abyss,2017-12-27,Orb of Augmentation,Chaos Orb,0.03151,11
182,Abyss,2017-12-28,Orb of Augmentation,Chaos Orb,0.02823,11
183,Abyss,2017-12-29,Orb of Augmentation,Chaos Orb,0.02946,11
184,Abyss,2017-12-30,Orb of Augmentation,Chaos Orb,0.03303,11
185,Abyss,2017-12-31,Orb of Augmentation,Chaos Orb,0.04154,11
186,Abyss,2018-01-01,Orb of Augmentation,Chaos Orb,0.03332,11
187,Abyss,2018-01-02,Orb of Augmentation,Chaos Orb,0.03265,11
188,Abyss,2018-01-03,Orb of Augmentation,Chaos Orb,0.03319,11
189,Abyss,2018-01-04,Orb of Augmentation,Chaos Orb,0.03299,11
190,Abyss,2018-01-05,Orb of Augmentation,Chaos Orb,0.03326,11
191,Abyss,2018-01-06,Orb of Augmentation,Chaos Orb,0.03333,11
192,Abyss,2018-01-07,Orb of Augmentation,Chaos Orb,0.03333,11
193,Abyss,2018-01-08,Orb of Augmentation,Chaos Orb,0.03333,11
194,Abyss,2018-01-09,Orb of Augmentation,Chaos Orb,0.03332,11
195,Abyss,2018-01-10,Orb of Augmentation,Chaos Orb,0.0339,11
196,Abyss,2018-01-11,Orb of Augmentation,Chaos Orb,0.03681,11
197,Abyss,2018-01-12,Orb of Augmentation,Chaos Orb,0.03715,11
198,Abyss,2018-01-13,Orb of Augmentation,Chaos Orb,0.03605,11
199,Abyss,2018-01-14,Orb of Augmentation,Chaos Orb,0.04266,11
200,Abyss,2018-01-15,Orb of Augmentation,Chaos Orb,0.04726,11
201,Abyss,2018-01-16,Orb of Augmentation,Chaos Orb,0.04564,11
202,Abyss,2018-01-17,Orb of Augmentation,Chaos Orb,0.04278,11
203,Abyss,2018-01-18,Orb of Augmentation,Chaos Orb,0.0385,11
204,Abyss,2018-01-19,Orb of Augmentation,Chaos Orb,0.03759,11
205,Abyss,2018-01-20,Orb of Augmentation,Chaos Orb,0.03825,11
206,Abyss,2018-01-21,Orb of Augmentation,Chaos Orb,0.03894,11
207,Abyss,2018-01-22,Orb of Augmentation,Chaos Orb,0.03922,11
208,Abyss,2018-01-23,Orb of Augmentation,Chaos Orb,0.03999,11
209,Abyss,2018-01-24,Orb of Augmentation,Chaos Orb,0.04004,11
210,Abyss,2018-01-25,Orb of Augmentation,Chaos Orb,0.04582,11
211,Abyss,2018-01-26,Orb of Augmentation,Chaos Orb,0.04688,11
212,Abyss,2018-01-27,Orb of Augmentation,Chaos Orb,0.04113,11
213,Abyss,2018-01-28,Orb of Augmentation,Chaos Orb,0.0415,11
214,Abyss,2018-01-29,Orb of Augmentation,Chaos Orb,0.04259,11
215,Abyss,2018-01-30,Orb of Augmentation,Chaos Orb,0.04237,11
216,Abyss,2018-01-31,Orb of Augmentation,Chaos Orb,0.04329,11
217,Abyss,2018-02-01,Orb of Augmentation,Chaos Orb,0.0448,11
218,Abyss,2018-02-02,Orb of Augmentation,Chaos Orb,0.04473,11
219,Abyss,2018-02-03,Orb of Augmentation,Chaos Orb,0.04313,11
220,Abyss,2018-02-04,Orb of Augmentation,Chaos Orb,0.04233,11
221,Abyss,2018-02-05,Orb of Augmentation,Chaos Orb,0.03934,11
222,Abyss,2018-02-06,Orb of Augmentation,Chaos Orb,0.04313,11
223,Abyss,2018-02-07,Orb of Augmentation,Chaos Orb,0.04299,11
224,Abyss,2018-02-08,Orb of Augmentation,Chaos Orb,0.04019,11
225,Abyss,2018-02-09,Orb of Augmentation,Chaos Orb,0.04279,11
226,Abyss,2018-02-10,Orb of Augmentation,Chaos Orb,0.04159,11
227,Abyss,2018-02-11,Orb of Augmentation,Chaos Orb,0.0398,11
228,Abyss,2018-02-12,Orb of Augmentation,Chaos Orb,0.03927,11
229,Abyss,2018-02-13,Orb of Augmentation,Chaos Orb,0.04016,11
230,Abyss,2018-02-14,Orb of Augmentation,Chaos Orb,0.04234,11
231,Abyss,2018-02-15,Orb of Augmentation,Chaos Orb,0.04181,11
232,Abyss,2018-02-16,Orb of Augmentation,Chaos Orb,0.04041,11
233,Abyss,2018-02-17,Orb of Augmentation,Chaos Orb,0.03925,11
234,Abyss,2018-02-18,Orb of Augmentation,Chaos Orb,0.03885,11
235,Abyss,2018-02-19,Orb of Augmentation,Chaos Orb,0.04084,11
236,Abyss,2018-02-20,Orb of Augmentation,Chaos Orb,0.04277,11
237,Abyss,2018-02-21,Orb of Augmentation,Chaos Orb,0.04326,11
238,Abyss,2018-02-22,Orb of Augmentation,Chaos Orb,0.04471,11
239,Abyss,2018-02-23,Orb of Augmentation,Chaos Orb,0.0439,11
240,Abyss,2018-02-24,Orb of Augmentation,Chaos Orb,0.04457,11
241,Abyss,2018-02-25,Orb of Augmentation,Chaos Orb,0.04467,11
242,Abyss,2018-02-26,Orb of Augmentation,Chaos Orb,0.04189,11
243,Abyss,2017-12-08,Orb of Alteration,Chaos Orb,5,9
244,Abyss,2017-12-09,Orb of Alteration,Chaos Orb,0.64025,9
245,Abyss,2017-12-10,Orb of Alteration,Chaos Orb,0.03254,9
246,Abyss,2017-12-11,Orb of Alteration,Chaos Orb,0.03612,9
247,Abyss,2017-12-12,Orb of Alteration,Chaos Orb,0.04638,9
248,Abyss,2017-12-13,Orb of Alteration,Chaos Orb,0.04628,9
249,Abyss,2017-12-14,Orb of Alteration,Chaos Orb,0.04759,9
250,Abyss,2017-12-15,Orb of Alteration,Chaos Orb,0.0501,9
251,Abyss,2017-12-16,Orb of Alteration,Chaos Orb,0.0517,9
252,Abyss,2017-12-17,Orb of Alteration,Chaos Orb,0.05046,9
253,Abyss,2017-12-18,Orb of Alteration,Chaos Orb,0.05148,9
254,Abyss,2017-12-19,Orb of Alteration,Chaos Orb,0.05256,9
255,Abyss,2017-12-20,Orb of Alteration,Chaos Orb,0.05826,9
256,Abyss,2017-12-21,Orb of Alteration,Chaos Orb,0.06123,9
257,Abyss,2017-12-22,Orb of Alteration,Chaos Orb,0.06609,9
258,Abyss,2017-12-23,Orb of Alteration,Chaos Orb,0.06663,9
259,Abyss,2017-12-24,Orb of Alteration,Chaos Orb,0.0668,9
260,Abyss,2017-12-25,Orb of Alteration,Chaos Orb,0.07054,9
261,Abyss,2017-12-26,Orb of Alteration,Chaos Orb,0.0735,9
262,Abyss,2017-12-27,Orb of Alteration,Chaos Orb,0.07676,9
263,Abyss,2017-12-28,Orb of Alteration,Chaos Orb,0.07948,9
264,Abyss,2017-12-29,Orb of Alteration,Chaos Orb,0.08331,9
265,Abyss,2017-12-30,Orb of Alteration,Chaos Orb,0.08916,9
266,Abyss,2017-12-31,Orb of Alteration,Chaos Orb,0.09068,9
267,Abyss,2018-01-01,Orb of Alteration,Chaos Orb,0.08909,9
268,Abyss,2018-01-02,Orb of Alteration,Chaos Orb,0.08537,9
269,Abyss,2018-01-03,Orb of Alteration,Chaos Orb,0.08502,9
270,Abyss,2018-01-04,Orb of Alteration,Chaos Orb,0.08481,9
271,Abyss,2018-01-05,Orb of Alteration,Chaos Orb,0.08616,9
272,Abyss,2018-01-06,Orb of Alteration,Chaos Orb,0.08779,9
273,Abyss,2018-01-07,Orb of Alteration,Chaos Orb,0.08916,9
274,Abyss,2018-01-08,Orb of Alteration,Chaos Orb,0.09066,9
275,Abyss,2018-01-09,Orb of Alteration,Chaos Orb,0.09338,9
276,Abyss,2018-01-10,Orb of Alteration,Chaos Orb,0.09318,9
277,Abyss,2018-01-11,Orb of Alteration,Chaos Orb,0.09642,9
278,Abyss,2018-01-12,Orb of Alteration,Chaos Orb,0.09774,9
279,Abyss,2018-01-13,Orb of Alteration,Chaos Orb,0.09961,9
280,Abyss,2018-01-14,Orb of Alteration,Chaos Orb,0.09812,9
281,Abyss,2018-01-15,Orb of Alteration,Chaos Orb,0.09906,9
282,Abyss,2018-01-16,Orb of Alteration,Chaos Orb,0.09896,9
283,Abyss,2018-01-17,Orb of Alteration,Chaos Orb,0.09915,9
284,Abyss,2018-01-18,Orb of Alteration,Chaos Orb,0.09661,9
285,Abyss,2018-01-19,Orb of Alteration,Chaos Orb,0.09582,9
286,Abyss,2018-01-20,Orb of Alteration,Chaos Orb,0.09377,9
287,Abyss,2018-01-21,Orb of Alteration,Chaos Orb,0.0905,9
288,Abyss,2018-01-22,Orb of Alteration,Chaos Orb,0.09021,9
289,Abyss,2018-01-23,Orb of Alteration,Chaos Orb,0.09081,9
290,Abyss,2018-01-24,Orb of Alteration,Chaos Orb,0.09465,9
291,Abyss,2018-01-25,Orb of Alteration,Chaos Orb,0.09899,9
292,Abyss,2018-01-26,Orb of Alteration,Chaos Orb,0.10109,9
293,Abyss,2018-01-27,Orb of Alteration,Chaos Orb,0.10209,9
294,Abyss,2018-01-28,Orb of Alteration,Chaos Orb,0.09884,9
295,Abyss,2018-01-29,Orb of Alteration,Chaos Orb,0.09914,9
296,Abyss,2018-01-30,Orb of Alteration,Chaos Orb,0.09889,9
297,Abyss,2018-01-31,Orb of Alteration,Chaos Orb,0.0982,9
298,Abyss,2018-02-01,Orb of Alteration,Chaos Orb,0.09945,9
299,Abyss,2018-02-02,Orb of Alteration,Chaos Orb,0.09946,9
300,Abyss,2018-02-03,Orb of Alteration,Chaos Orb,0.09848,9
301,Abyss,2018-02-04,Orb of Alteration,Chaos Orb,0.09857,9
302,Abyss,2018-02-05,Orb of Alteration,Chaos Orb,0.09799,9
303,Abyss,2018-02-06,Orb of Alteration,Chaos Orb,0.09748,9
304,Abyss,2018-02-07,Orb of Alteration,Chaos Orb,0.09803,9
305,Abyss,2018-02-08,Orb of Alteration,Chaos Orb,0.09789,9
306,Abyss,2018-02-09,Orb of Alteration,Chaos Orb,0.09602,9
307,Abyss,2018-02-10,Orb of Alteration,Chaos Orb,0.09375,9
308,Abyss,2018-02-11,Orb of Alteration,Chaos Orb,0.09299,9
309,Abyss,2018-02-12,Orb of Alteration,Chaos Orb,0.09435,9
310,Abyss,2018-02-13,Orb of Alteration,Chaos Orb,0.09415,9
311,Abyss,2018-02-14,Orb of Alteration,Chaos Orb,0.09398,9
312,Abyss,2018-02-15,Orb of Alteration,Chaos Orb,0.09713,9
313,Abyss,2018-02-16,Orb of Alteration,Chaos Orb,0.0978,9
314,Abyss,2018-02-17,Orb of Alteration,Chaos Orb,0.0978,9
315,Abyss,2018-02-18,Orb of Alteration,Chaos Orb,0.09869,9
316,Abyss,2018-02-19,Orb of Alteration,Chaos Orb,0.0991,9
317,Abyss,2018-02-20,Orb of Alteration,Chaos Orb,0.09927,9
318,Abyss,2018-02-21,Orb of Alteration,Chaos Orb,0.10216,9
319,Abyss,2018-02-22,Orb of Alteration,Chaos Orb,0.10324,9
320,Abyss,2018-02-23,Orb of Alteration,Chaos Orb,0.10443,9
321,Abyss,2018-02-24,Orb of Alteration,Chaos Orb,0.09992,9
322,Abyss,2018-02-25,Orb of Alteration,Chaos Orb,0.10411,9
323,Abyss,2018-02-26,Orb of Alteration,Chaos Orb,0.10863,9
324,Abyss,2017-12-08,Orb of Alchemy,Chaos Orb,5,5
325,Abyss,2017-12-09,Orb of Alchemy,Chaos Orb,2.1085,5
326,Abyss,2017-12-10,Orb of Alchemy,Chaos Orb,0.18541,5
327,Abyss,2017-12-11,Orb of Alchemy,Chaos Orb,0.24288,5
328,Abyss,2017-12-12,Orb of Alchemy,Chaos Orb,0.27675,5
329,Abyss,2017-12-13,Orb of Alchemy,Chaos Orb,0.29505,5
330,Abyss,2017-12-14,Orb of Alchemy,Chaos Orb,0.30274,5
331,Abyss,2017-12-15,Orb of Alchemy,Chaos Orb,0.31874,5
332,Abyss,2017-12-16,Orb of Alchemy,Chaos Orb,0.32793,5
333,Abyss,2017-12-17,Orb of Alchemy,Chaos Orb,0.33023,5
334,Abyss,2017-12-18,Orb of Alchemy,Chaos Orb,0.32892,5
335,Abyss,2017-12-19,Orb of Alchemy,Chaos Orb,0.33275,5
336,Abyss,2017-12-20,Orb of Alchemy,Chaos Orb,0.33235,5
337,Abyss,2017-12-21,Orb of Alchemy,Chaos Orb,0.34634,5
338,Abyss,2017-12-22,Orb of Alchemy,Chaos Orb,0.36067,5
339,Abyss,2017-12-23,Orb of Alchemy,Chaos Orb,0.3701,5
340,Abyss,2017-12-24,Orb of Alchemy,Chaos Orb,0.35954,5
341,Abyss,2017-12-25,Orb of Alchemy,Chaos Orb,0.35713,5
342,Abyss,2017-12-26,Orb of Alchemy,Chaos Orb,0.36713,5
343,Abyss,2017-12-27,Orb of Alchemy,Chaos Orb,0.38441,5
344,Abyss,2017-12-28,Orb of Alchemy,Chaos Orb,0.41011,5
345,Abyss,2017-12-29,Orb of Alchemy,Chaos Orb,0.45617,5
346,Abyss,2017-12-30,Orb of Alchemy,Chaos Orb,0.46564,5
347,Abyss,2017-12-31,Orb of Alchemy,Chaos Orb,0.4623,5
348,Abyss,2018-01-01,Orb of Alchemy,Chaos Orb,0.45984,5
349,Abyss,2018-01-02,Orb of Alchemy,Chaos Orb,0.44909,5
350,Abyss,2018-01-03,Orb of Alchemy,Chaos Orb,0.44124,5
351,Abyss,2018-01-04,Orb of Alchemy,Chaos Orb,0.44467,5
352,Abyss,2018-01-05,Orb of Alchemy,Chaos Orb,0.45369,5
353,Abyss,2018-01-06,Orb of Alchemy,Chaos Orb,0.45925,5
354,Abyss,2018-01-07,Orb of Alchemy,Chaos Orb,0.46046,5
355,Abyss,2018-01-08,Orb of Alchemy,Chaos Orb,0.45413,5
356,Abyss,2018-01-09,Orb of Alchemy,Chaos Orb,0.44463,5
357,Abyss,2018-01-10,Orb of Alchemy,Chaos Orb,0.43433,5
358,Abyss,2018-01-11,Orb of Alchemy,Chaos Orb,0.43311,5
359,Abyss,2018-01-12,Orb of Alchemy,Chaos Orb,0.43322,5
360,Abyss,2018-01-13,Orb of Alchemy,Chaos Orb,0.43196,5
361,Abyss,2018-01-14,Orb of Alchemy,Chaos Orb,0.41955,5
362,Abyss,2018-01-15,Orb of Alchemy,Chaos Orb,0.4129,5
363,Abyss,2018-01-16,Orb of Alchemy,Chaos Orb,0.40492,5
364,Abyss,2018-01-17,Orb of Alchemy,Chaos Orb,0.40546,5
365,Abyss,2018-01-18,Orb of Alchemy,Chaos Orb,0.4015,5
366,Abyss,2018-01-19,Orb of Alchemy,Chaos Orb,0.3946,5
367,Abyss,2018-01-20,Orb of Alchemy,Chaos Orb,0.38545,5
368,Abyss,2018-01-21,Orb of Alchemy,Chaos Orb,0.37368,5
369,Abyss,2018-01-22,Orb of Alchemy,Chaos Orb,0.3697,5
370,Abyss,2018-01-23,Orb of Alchemy,Chaos Orb,0.37031,5
371,Abyss,2018-01-24,Orb of Alchemy,Chaos Orb,0.37091,5
372,Abyss,2018-01-25,Orb of Alchemy,Chaos Orb,0.37039,5
373,Abyss,2018-01-26,Orb of Alchemy,Chaos Orb,0.36983,5
374,Abyss,2018-01-27,Orb of Alchemy,Chaos Orb,0.36951,5
375,Abyss,2018-01-28,Orb of Alchemy,Chaos Orb,0.36623,5
376,Abyss,2018-01-29,Orb of Alchemy,Chaos Orb,0.36234,5
377,Abyss,2018-01-30,Orb of Alchemy,Chaos Orb,0.35714,5
378,Abyss,2018-01-31,Orb of Alchemy,Chaos Orb,0.3556,5
379,Abyss,2018-02-01,Orb of Alchemy,Chaos Orb,0.35045,5
380,Abyss,2018-02-02,Orb of Alchemy,Chaos Orb,0.34569,5
381,Abyss,2018-02-03,Orb of Alchemy,Chaos Orb,0.34483,5
382,Abyss,2018-02-04,Orb of Alchemy,Chaos Orb,0.33987,5
383,Abyss,2018-02-05,Orb of Alchemy,Chaos Orb,0.33464,5
384,Abyss,2018-02-06,Orb of Alchemy,Chaos Orb,0.33486,5
385,Abyss,2018-02-07,Orb of Alchemy,Chaos Orb,0.33082,5
386,Abyss,2018-02-08,Orb of Alchemy,Chaos Orb,0.33167,5
387,Abyss,2018-02-09,Orb of Alchemy,Chaos Orb,0.33238,5
388,Abyss,2018-02-10,Orb of Alchemy,Chaos Orb,0.33298,5
389,Abyss,2018-02-11,Orb of Alchemy,Chaos Orb,0.33286,5
390,Abyss,2018-02-12,Orb of Alchemy,Chaos Orb,0.33248,5
391,Abyss,2018-02-13,Orb of Alchemy,Chaos Orb,0.327,5
392,Abyss,2018-02-14,Orb of Alchemy,Chaos Orb,0.32511,5
393,Abyss,2018-02-15,Orb of Alchemy,Chaos Orb,0.33202,5
394,Abyss,2018-02-16,Orb of Alchemy,Chaos Orb,0.33264,5
395,Abyss,2018-02-17,Orb of Alchemy,Chaos Orb,0.32977,5
396,Abyss,2018-02-18,Orb of Alchemy,Chaos Orb,0.32698,5
397,Abyss,2018-02-19,Orb of Alchemy,Chaos Orb,0.3297,5
398,Abyss,2018-02-20,Orb of Alchemy,Chaos Orb,0.32795,5
399,Abyss,2018-02-21,Orb of Alchemy,Chaos Orb,0.3252,5
400,Abyss,2018-02-22,Orb of Alchemy,Chaos Orb,0.32264,5
401,Abyss,2018-02-23,Orb of Alchemy,Chaos Orb,0.32258,5
402,Abyss,2018-02-24,Orb of Alchemy,Chaos Orb,0.32255,5
403,Abyss,2018-02-25,Orb of Alchemy,Chaos Orb,0.32475,5
404,Abyss,2018-02-26,Orb of Alchemy,Chaos Orb,0.32321,5
405,Abyss,2017-12-08,Orb of Transmutation,Chaos Orb,1,2
406,Abyss,2017-12-09,Orb of Transmutation,Chaos Orb,0.49115,2
407,Abyss,2017-12-10,Orb of Transmutation,Chaos Orb,0.05635,2
408,Abyss,2017-12-11,Orb of Transmutation,Chaos Orb,0.04292,2
409,Abyss,2017-12-12,Orb of Transmutation,Chaos Orb,0.04422,2
410,Abyss,2017-12-13,Orb of Transmutation,Chaos Orb,0.0369,2
411,Abyss,2017-12-14,Orb of Transmutation,Chaos Orb,0.03376,2
412,Abyss,2017-12-15,Orb of Transmutation,Chaos Orb,0.03233,2
413,Abyss,2017-12-16,Orb of Transmutation,Chaos Orb,0.03015,2
414,Abyss,2017-12-17,Orb of Transmutation,Chaos Orb,0.02837,2
415,Abyss,2017-12-18,Orb of Transmutation,Chaos Orb,0.02693,2
416,Abyss,2017-12-19,Orb of Transmutation,Chaos Orb,0.02638,2
417,Abyss,2017-12-20,Orb of Transmutation,Chaos Orb,0.02681,2
418,Abyss,2017-12-21,Orb of Transmutation,Chaos Orb,0.02664,2
419,Abyss,2017-12-22,Orb of Transmutation,Chaos Orb,0.02778,2
420,Abyss,2017-12-23,Orb of Transmutation,Chaos Orb,0.02764,2
421,Abyss,2017-12-24,Orb of Transmutation,Chaos Orb,0.02615,2
422,Abyss,2017-12-25,Orb of Transmutation,Chaos Orb,0.02726,2
423,Abyss,2017-12-26,Orb of Transmutation,Chaos Orb,0.02694,2
424,Abyss,2017-12-27,Orb of Transmutation,Chaos Orb,0.02926,2
425,Abyss,2017-12-28,Orb of Transmutation,Chaos Orb,0.03055,2
426,Abyss,2017-12-29,Orb of Transmutation,Chaos Orb,0.02874,2
427,Abyss,2017-12-30,Orb of Transmutation,Chaos Orb,0.0302,2
428,Abyss,2017-12-31,Orb of Transmutation,Chaos Orb,0.03012,2
429,Abyss,2018-01-01,Orb of Transmutation,Chaos Orb,0.02872,2
430,Abyss,2018-01-02,Orb of Transmutation,Chaos Orb,0.03044,2
431,Abyss,2018-01-03,Orb of Transmutation,Chaos Orb,0.03206,2
432,Abyss,2018-01-04,Orb of Transmutation,Chaos Orb,0.0294,2
433,Abyss,2018-01-05,Orb of Transmutation,Chaos Orb,0.0293,2
434,Abyss,2018-01-06,Orb of Transmutation,Chaos Orb,0.02852,2
435,Abyss,2018-01-07,Orb of Transmutation,Chaos Orb,0.02865,2
436,Abyss,2018-01-08,Orb of Transmutation,Chaos Orb,0.02853,2
437,Abyss,2018-01-09,Orb of Transmutation,Chaos Orb,0.02853,2
438,Abyss,2018-01-10,Orb of Transmutation,Chaos Orb,0.02828,2
439,Abyss,2018-01-11,Orb of Transmutation,Chaos Orb,0.02839,2
440,Abyss,2018-01-12,Orb of Transmutation,Chaos Orb,0.02793,2
441,Abyss,2018-01-13,Orb of Transmutation,Chaos Orb,0.02608,2
442,Abyss,2018-01-14,Orb of Transmutation,Chaos Orb,0.0273,2
443,Abyss,2018-01-15,Orb of Transmutation,Chaos Orb,0.02747,2
444,Abyss,2018-01-16,Orb of Transmutation,Chaos Orb,0.02813,2
445,Abyss,2018-01-17,Orb of Transmutation,Chaos Orb,0.02647,2
446,Abyss,2018-01-18,Orb of Transmutation,Chaos Orb,0.02539,2
447,Abyss,2018-01-19,Orb of Transmutation,Chaos Orb,0.0251,2
448,Abyss,2018-01-20,Orb of Transmutation,Chaos Orb,0.02504,2
449,Abyss,2018-01-21,Orb of Transmutation,Chaos Orb,0.02447,2
450,Abyss,2018-01-22,Orb of Transmutation,Chaos Orb,0.02346,2
451,Abyss,2018-01-23,Orb of Transmutation,Chaos Orb,0.02251,2
452,Abyss,2018-01-24,Orb of Transmutation,Chaos Orb,0.02498,2
453,Abyss,2018-01-25,Orb of Transmutation,Chaos Orb,0.025,2
454,Abyss,2018-01-26,Orb of Transmutation,Chaos Orb,0.02549,2
455,Abyss,2018-01-27,Orb of Transmutation,Chaos Orb,0.0245,2
456,Abyss,2018-01-28,Orb of Transmutation,Chaos Orb,0.02232,2
457,Abyss,2018-01-29,Orb of Transmutation,Chaos Orb,0.0219,2
458,Abyss,2018-01-30,Orb of Transmutation,Chaos Orb,0.02026,2
459,Abyss,2018-01-31,Orb of Transmutation,Chaos Orb,0.02004,2
460,Abyss,2018-02-01,Orb of Transmutation,Chaos Orb,0.02009,2
461,Abyss,2018-02-02,Orb of Transmutation,Chaos Orb,0.01999,2
462,Abyss,2018-02-03,Orb of Transmutation,Chaos Orb,0.0174,2
463,Abyss,2018-02-04,Orb of Transmutation,Chaos Orb,0.01667,2
464,Abyss,2018-02-05,Orb of Transmutation,Chaos Orb,0.01667,2
465,Abyss,2018-02-06,Orb of Transmutation,Chaos Orb,0.01667,2
466,Abyss,2018-02-07,Orb of Transmutation,Chaos Orb,0.01669,2
467,Abyss,2018-02-08,Orb of Transmutation,Chaos Orb,0.01677,2
468,Abyss,2018-02-09,Orb of Transmutation,Chaos Orb,0.01672,2
469,Abyss,2018-02-10,Orb of Transmutation,Chaos Orb,0.01654,2
470,Abyss,2018-02-11,Orb of Transmutation,Chaos Orb,0.01673,2
471,Abyss,2018-02-12,Orb of Transmutation,Chaos Orb,0.01713,2
472,Abyss,2018-02-13,Orb of Transmutation,Chaos Orb,0.01665,2
473,Abyss,2018-02-14,Orb of Transmutation,Chaos Orb,0.01667,2
474,Abyss,2018-02-15,Orb of Transmutation,Chaos Orb,0.01667,2
475,Abyss,2018-02-16,Orb of Transmutation,Chaos Orb,0.01667,2
476,Abyss,2018-02-17,Orb of Transmutation,Chaos Orb,0.01734,2
477,Abyss,2018-02-18,Orb of Transmutation,Chaos Orb,0.01667,2
478,Abyss,2018-02-19,Orb of Transmutation,Chaos Orb,0.01667,2
479,Abyss,2018-02-20,Orb of Transmutation,Chaos Orb,0.01667,2
480,Abyss,2018-02-21,Orb of Transmutation,Chaos Orb,0.01667,2
481,Abyss,2018-02-22,Orb of Transmutation,Chaos Orb,0.01667,2
482,Abyss,2018-02-23,Orb of Transmutation,Chaos Orb,0.01667,2
483,Abyss,2018-02-24,Orb of Transmutation,Chaos Orb,0.01655,2
484,Abyss,2018-02-25,Orb of Transmutation,Chaos Orb,0.01667,2
485,Abyss,2018-02-26,Orb of Transmutation,Chaos Orb,0.01667,2
486,Abyss,2017-12-09,Silver Coin,Chaos Orb,0.55129,4
487,Abyss,2017-12-10,Silver Coin,Chaos Orb,0.22157,4
488,Abyss,2017-12-11,Silver Coin,Chaos Orb,0.26535,4
489,Abyss,2017-12-12,Silver Coin,Chaos Orb,0.29527,4
490,Abyss,2017-12-13,Silver Coin,Chaos Orb,0.30208,4
491,Abyss,2017-12-14,Silver Coin,Chaos Orb,0.28905,4
492,Abyss,2017-12-15,Silver Coin,Chaos Orb,0.28604,4
493,Abyss,2017-12-16,Silver Coin,Chaos Orb,0.28395,4
494,Abyss,2017-12-17,Silver Coin,Chaos Orb,0.27413,4
495,Abyss,2017-12-18,Silver Coin,Chaos Orb,0.26961,4
496,Abyss,2017-12-19,Silver Coin,Chaos Orb,0.25917,4
497,Abyss,2017-12-20,Silver Coin,Chaos Orb,0.24248,4
498,Abyss,2017-12-21,Silver Coin,Chaos Orb,0.23641,4
499,Abyss,2017-12-22,Silver Coin,Chaos Orb,0.23682,4
500,Abyss,2017-12-23,Silver Coin,Chaos Orb,0.2339,4
501,Abyss,2017-12-24,Silver Coin,Chaos Orb,0.21663,4
502,Abyss,2017-12-25,Silver Coin,Chaos Orb,0.20711,4
503,Abyss,2017-12-26,Silver Coin,Chaos Orb,0.20859,4
504,Abyss,2017-12-27,Silver Coin,Chaos Orb,0.22159,4
505,Abyss,2017-12-28,Silver Coin,Chaos Orb,0.24598,4
506,Abyss,2017-12-29,Silver Coin,Chaos Orb,0.27177,4
507,Abyss,2017-12-30,Silver Coin,Chaos Orb,0.26893,4
508,Abyss,2017-12-31,Silver Coin,Chaos Orb,0.27611,4
509,Abyss,2018-01-01,Silver Coin,Chaos Orb,0.2782,4
510,Abyss,2018-01-02,Silver Coin,Chaos Orb,0.27722,4
511,Abyss,2018-01-03,Silver Coin,Chaos Orb,0.26744,4
512,Abyss,2018-01-04,Silver Coin,Chaos Orb,0.25662,4
513,Abyss,2018-01-05,Silver Coin,Chaos Orb,0.25235,4
514,Abyss,2018-01-06,Silver Coin,Chaos Orb,0.24866,4
515,Abyss,2018-01-07,Silver Coin,Chaos Orb,0.24674,4
516,Abyss,2018-01-08,Silver Coin,Chaos Orb,0.24371,4
517,Abyss,2018-01-09,Silver Coin,Chaos Orb,0.24099,4
518,Abyss,2018-01-10,Silver Coin,Chaos Orb,0.22908,4
519,Abyss,2018-01-11,Silver Coin,Chaos Orb,0.22477,4
520,Abyss,2018-01-12,Silver Coin,Chaos Orb,0.22599,4
521,Abyss,2018-01-13,Silver Coin,Chaos Orb,0.22675,4
522,Abyss,2018-01-14,Silver Coin,Chaos Orb,0.24611,4
523,Abyss,2018-01-15,Silver Coin,Chaos Orb,0.2566,4
524,Abyss,2018-01-16,Silver Coin,Chaos Orb,0.26106,4
525,Abyss,2018-01-17,Silver Coin,Chaos Orb,0.25758,4
526,Abyss,2018-01-18,Silver Coin,Chaos Orb,0.26198,4
527,Abyss,2018-01-19,Silver Coin,Chaos Orb,0.26252,4
528,Abyss,2018-01-20,Silver Coin,Chaos Orb,0.2589,4
529,Abyss,2018-01-21,Silver Coin,Chaos Orb,0.26148,4
530,Abyss,2018-01-22,Silver Coin,Chaos Orb,0.2623,4
531,Abyss,2018-01-23,Silver Coin,Chaos Orb,0.26,4
532,Abyss,2018-01-24,Silver Coin,Chaos Orb,0.2554,4
533,Abyss,2018-01-25,Silver Coin,Chaos Orb,0.24723,4
534,Abyss,2018-01-26,Silver Coin,Chaos Orb,0.24482,4
535,Abyss,2018-01-27,Silver Coin,Chaos Orb,0.24381,4
536,Abyss,2018-01-28,Silver Coin,Chaos Orb,0.24343,4
537,Abyss,2018-01-29,Silver Coin,Chaos Orb,0.23983,4
538,Abyss,2018-01-30,Silver Coin,Chaos Orb,0.23516,4
539,Abyss,2018-01-31,Silver Coin,Chaos Orb,0.23221,4
540,Abyss,2018-02-01,Silver Coin,Chaos Orb,0.22789,4
541,Abyss,2018-02-02,Silver Coin,Chaos Orb,0.2233,4
542,Abyss,2018-02-03,Silver Coin,Chaos Orb,0.2214,4
543,Abyss,2018-02-04,Silver Coin,Chaos Orb,0.22109,4
544,Abyss,2018-02-05,Silver Coin,Chaos Orb,0.22124,4
545,Abyss,2018-02-06,Silver Coin,Chaos Orb,0.21366,4
546,Abyss,2018-02-07,Silver Coin,Chaos Orb,0.21284,4
547,Abyss,2018-02-08,Silver Coin,Chaos Orb,0.2105,4
548,Abyss,2018-02-09,Silver Coin,Chaos Orb,0.20652,4
549,Abyss,2018-02-10,Silver Coin,Chaos Orb,0.20292,4
550,Abyss,2018-02-11,Silver Coin,Chaos Orb,0.20221,4
551,Abyss,2018-02-12,Silver Coin,Chaos Orb,0.20115,4
552,Abyss,2018-02-13,Silver Coin,Chaos Orb,0.19922,4
553,Abyss,2018-02-14,Silver Coin,Chaos Orb,0.1986,4
554,Abyss,2018-02-15,Silver Coin,Chaos Orb,0.20121,4
555,Abyss,2018-02-16,Silver Coin,Chaos Orb,0.20562,4
556,Abyss,2018-02-17,Silver Coin,Chaos Orb,0.20349,4
557,Abyss,2018-02-18,Silver Coin,Chaos Orb,0.20165,4
558,Abyss,2018-02-19,Silver Coin,Chaos Orb,0.19977,4
559,Abyss,2018-02-20,Silver Coin,Chaos Orb,0.2,4
560,Abyss,2018-02-21,Silver Coin,Chaos Orb,0.19959,4
561,Abyss,2018-02-22,Silver Coin,Chaos Orb,0.2,4
562,Abyss,2018-02-23,Silver Coin,Chaos Orb,0.20027,4
563,Abyss,2018-02-24,Silver Coin,Chaos Orb,0.20444,4
564,Abyss,2018-02-25,Silver Coin,Chaos Orb,0.20663,4
565,Abyss,2018-02-26,Silver Coin,Chaos Orb,0.20025,4
566,Abyss,2017-12-09,Blacksmith's Whetstone,Chaos Orb,0.48946,10
567,Abyss,2017-12-10,Blacksmith's Whetstone,Chaos Orb,0.06148,10
568,Abyss,2017-12-11,Blacksmith's Whetstone,Chaos Orb,0.04659,10
569,Abyss,2017-12-12,Blacksmith's Whetstone,Chaos Orb,0.04592,10
570,Abyss,2017-12-13,Blacksmith's Whetstone,Chaos Orb,0.04059,10
571,Abyss,2017-12-14,Blacksmith's Whetstone,Chaos Orb,0.03514,10
572,Abyss,2017-12-15,Blacksmith's Whetstone,Chaos Orb,0.03268,10
573,Abyss,2017-12-16,Blacksmith's Whetstone,Chaos Orb,0.03203,10
574,Abyss,2017-12-17,Blacksmith's Whetstone,Chaos Orb,0.02976,10
575,Abyss,2017-12-18,Blacksmith's Whetstone,Chaos Orb,0.03013,10
576,Abyss,2017-12-19,Blacksmith's Whetstone,Chaos Orb,0.02863,10
577,Abyss,2017-12-20,Blacksmith's Whetstone,Chaos Orb,0.02909,10
578,Abyss,2017-12-21,Blacksmith's Whetstone,Chaos Orb,0.02793,10
579,Abyss,2017-12-22,Blacksmith's Whetstone,Chaos Orb,0.02994,10
580,Abyss,2017-12-23,Blacksmith's Whetstone,Chaos Orb,0.02837,10
581,Abyss,2017-12-24,Blacksmith's Whetstone,Chaos Orb,0.02579,10
582,Abyss,2017-12-25,Blacksmith's Whetstone,Chaos Orb,0.02712,10
583,Abyss,2017-12-26,Blacksmith's Whetstone,Chaos Orb,0.02725,10
584,Abyss,2017-12-27,Blacksmith's Whetstone,Chaos Orb,0.02825,10
585,Abyss,2017-12-28,Blacksmith's Whetstone,Chaos Orb,0.02797,10
586,Abyss,2017-12-29,Blacksmith's Whetstone,Chaos Orb,0.0275,10
587,Abyss,2017-12-30,Blacksmith's Whetstone,Chaos Orb,0.02775,10
588,Abyss,2017-12-31,Blacksmith's Whetstone,Chaos Orb,0.03029,10
589,Abyss,2018-01-01,Blacksmith's Whetstone,Chaos Orb,0.03122,10
590,Abyss,2018-01-02,Blacksmith's Whetstone,Chaos Orb,0.02913,10
591,Abyss,2018-01-03,Blacksmith's Whetstone,Chaos Orb,0.02772,10
592,Abyss,2018-01-04,Blacksmith's Whetstone,Chaos Orb,0.02855,10
593,Abyss,2018-01-05,Blacksmith's Whetstone,Chaos Orb,0.02866,10
594,Abyss,2018-01-06,Blacksmith's Whetstone,Chaos Orb,0.02821,10
595,Abyss,2018-01-07,Blacksmith's Whetstone,Chaos Orb,0.02736,10
596,Abyss,2018-01-08,Blacksmith's Whetstone,Chaos Orb,0.02768,10
597,Abyss,2018-01-09,Blacksmith's Whetstone,Chaos Orb,0.02829,10
598,Abyss,2018-01-10,Blacksmith's Whetstone,Chaos Orb,0.02776,10
599,Abyss,2018-01-11,Blacksmith's Whetstone,Chaos Orb,0.0282,10
600,Abyss,2018-01-12,Blacksmith's Whetstone,Chaos Orb,0.02821,10
601,Abyss,2018-01-13,Blacksmith's Whetstone,Chaos Orb,0.02851,10
602,Abyss,2018-01-14,Blacksmith's Whetstone,Chaos Orb,0.02891,10
603,Abyss,2018-01-15,Blacksmith's Whetstone,Chaos Orb,0.02818,10
604,Abyss,2018-01-16,Blacksmith's Whetstone,Chaos Orb,0.02848,10
605,Abyss,2018-01-17,Blacksmith's Whetstone,Chaos Orb,0.02841,10
606,Abyss,2018-01-18,Blacksmith's Whetstone,Chaos Orb,0.02808,10
607,Abyss,2018-01-19,Blacksmith's Whetstone,Chaos Orb,0.02782,10
608,Abyss,2018-01-20,Blacksmith's Whetstone,Chaos Orb,0.02779,10
609,Abyss,2018-01-21,Blacksmith's Whetstone,Chaos Orb,0.02828,10
610,Abyss,2018-01-22,Blacksmith's Whetstone,Chaos Orb,0.02459,10
611,Abyss,2018-01-23,Blacksmith's Whetstone,Chaos Orb,0.02468,10
612,Abyss,2018-01-24,Blacksmith's Whetstone,Chaos Orb,0.02561,10
613,Abyss,2018-01-25,Blacksmith's Whetstone,Chaos Orb,0.02662,10
614,Abyss,2018-01-26,Blacksmith's Whetstone,Chaos Orb,0.02786,10
615,Abyss,2018-01-27,Blacksmith's Whetstone,Chaos Orb,0.02631,10
616,Abyss,2018-01-28,Blacksmith's Whetstone,Chaos Orb,0.02705,10
617,Abyss,2018-01-29,Blacksmith's Whetstone,Chaos Orb,0.02493,10
618,Abyss,2018-01-30,Blacksmith's Whetstone,Chaos Orb,0.02357,10
619,Abyss,2018-01-31,Blacksmith's Whetstone,Chaos Orb,0.02279,10
620,Abyss,2018-02-01,Blacksmith's Whetstone,Chaos Orb,0.02334,10
621,Abyss,2018-02-02,Blacksmith's Whetstone,Chaos Orb,0.02315,10
622,Abyss,2018-02-03,Blacksmith's Whetstone,Chaos Orb,0.02219,10
623,Abyss,2018-02-04,Blacksmith's Whetstone,Chaos Orb,0.02117,10
624,Abyss,2018-02-05,Blacksmith's Whetstone,Chaos Orb,0.02149,10
625,Abyss,2018-02-06,Blacksmith's Whetstone,Chaos Orb,0.02357,10
626,Abyss,2018-02-07,Blacksmith's Whetstone,Chaos Orb,0.02102,10
627,Abyss,2018-02-08,Blacksmith's Whetstone,Chaos Orb,0.02167,10
628,Abyss,2018-02-09,Blacksmith's Whetstone,Chaos Orb,0.02185,10
629,Abyss,2018-02-10,Blacksmith's Whetstone,Chaos Orb,0.02094,10
630,Abyss,2018-02-11,Blacksmith's Whetstone,Chaos Orb,0.01999,10
631,Abyss,2018-02-12,Blacksmith's Whetstone,Chaos Orb,0.01994,10
632,Abyss,2018-02-13,Blacksmith's Whetstone,Chaos Orb,0.01981,10
633,Abyss,2018-02-14,Blacksmith's Whetstone,Chaos Orb,0.01993,10
634,Abyss,2018-02-15,Blacksmith's Whetstone,Chaos Orb,0.01999,10
635,Abyss,2018-02-16,Blacksmith's Whetstone,Chaos Orb,0.01979,10
636,Abyss,2018-02-17,Blacksmith's Whetstone,Chaos Orb,0.0199,10
637,Abyss,2018-02-18,Blacksmith's Whetstone,Chaos Orb,0.02002,10
638,Abyss,2018-02-19,Blacksmith's Whetstone,Chaos Orb,0.0201,10
639,Abyss,2018-02-20,Blacksmith's Whetstone,Chaos Orb,0.01989,10
640,Abyss,2018-02-21,Blacksmith's Whetstone,Chaos Orb,0.01976,10
641,Abyss,2018-02-22,Blacksmith's Whetstone,Chaos Orb,0.02002,10
642,Abyss,2018-02-23,Blacksmith's Whetstone,Chaos Orb,0.01993,10
643,Abyss,2018-02-24,Blacksmith's Whetstone,Chaos Orb,0.01988,10
644,Abyss,2018-02-25,Blacksmith's Whetstone,Chaos Orb,0.01897,10
645,Abyss,2018-02-26,Blacksmith's Whetstone,Chaos Orb,0.01846,10
646,Abyss,2017-12-09,Orb of Chance,Chaos Orb,0.28825,3
647,Abyss,2017-12-10,Orb of Chance,Chaos Orb,0.08812,3
648,Abyss,2017-12-11,Orb of Chance,Chaos Orb,0.0931,3
649,Abyss,2017-12-12,Orb of Chance,Chaos Orb,0.09869,3
650,Abyss,2017-12-13,Orb of Chance,Chaos Orb,0.09999,3
651,Abyss,2017-12-14,Orb of Chance,Chaos Orb,0.09802,3
652,Abyss,2017-12-15,Orb of Chance,Chaos Orb,0.09439,3
653,Abyss,2017-12-16,Orb of Chance,Chaos Orb,0.09301,3
654,Abyss,2017-12-17,Orb of Chance,Chaos Orb,0.08971,3
655,Abyss,2017-12-18,Orb of Chance,Chaos Orb,0.08589,3
656,Abyss,2017-12-19,Orb of Chance,Chaos Orb,0.08358,3
657,Abyss,2017-12-20,Orb of Chance,Chaos Orb,0.08422,3
658,Abyss,2017-12-21,Orb of Chance,Chaos Orb,0.08696,3
659,Abyss,2017-12-22,Orb of Chance,Chaos Orb,0.08845,3
660,Abyss,2017-12-23,Orb of Chance,Chaos Orb,0.08659,3
661,Abyss,2017-12-24,Orb of Chance,Chaos Orb,0.08365,3
662,Abyss,2017-12-25,Orb of Chance,Chaos Orb,0.07932,3
663,Abyss,2017-12-26,Orb of Chance,Chaos Orb,0.07732,3
664,Abyss,2017-12-27,Orb of Chance,Chaos Orb,0.07677,3
665,Abyss,2017-12-28,Orb of Chance,Chaos Orb,0.07767,3
666,Abyss,2017-12-29,Orb of Chance,Chaos Orb,0.07707,3
667,Abyss,2017-12-30,Orb of Chance,Chaos Orb,0.07823,3
668,Abyss,2017-12-31,Orb of Chance,Chaos Orb,0.07941,3
669,Abyss,2018-01-01,Orb of Chance,Chaos Orb,0.08051,3
670,Abyss,2018-01-02,Orb of Chance,Chaos Orb,0.0798,3
671,Abyss,2018-01-03,Orb of Chance,Chaos Orb,0.07724,3
672,Abyss,2018-01-04,Orb of Chance,Chaos Orb,0.07718,3
673,Abyss,2018-01-05,Orb of Chance,Chaos Orb,0.07895,3
674,Abyss,2018-01-06,Orb of Chance,Chaos Orb,0.08283,3
675,Abyss,2018-01-07,Orb of Chance,Chaos Orb,0.08539,3
676,Abyss,2018-01-08,Orb of Chance,Chaos Orb,0.08481,3
677,Abyss,2018-01-09,Orb of Chance,Chaos Orb,0.08757,3
678,Abyss,2018-01-10,Orb of Chance,Chaos Orb,0.09096,3
679,Abyss,2018-01-11,Orb of Chance,Chaos Orb,0.0917,3
680,Abyss,2018-01-12,Orb of Chance,Chaos Orb,0.0968,3
681,Abyss,2018-01-13,Orb of Chance,Chaos Orb,0.09714,3
682,Abyss,2018-01-14,Orb of Chance,Chaos Orb,0.09744,3
683,Abyss,2018-01-15,Orb of Chance,Chaos Orb,0.09883,3
684,Abyss,2018-01-16,Orb of Chance,Chaos Orb,0.09921,3
685,Abyss,2018-01-17,Orb of Chance,Chaos Orb,0.09726,3
686,Abyss,2018-01-18,Orb of Chance,Chaos Orb,0.09021,3
687,Abyss,2018-01-19,Orb of Chance,Chaos Orb,0.09081,3
688,Abyss,2018-01-20,Orb of Chance,Chaos Orb,0.09114,3
689,Abyss,2018-01-21,Orb of Chance,Chaos Orb,0.0908,3
690,Abyss,2018-01-22,Orb of Chance,Chaos Orb,0.09084,3
691,Abyss,2018-01-23,Orb of Chance,Chaos Orb,0.09091,3
692,Abyss,2018-01-24,Orb of Chance,Chaos Orb,0.09091,3
693,Abyss,2018-01-25,Orb of Chance,Chaos Orb,0.0909,3
694,Abyss,2018-01-26,Orb of Chance,Chaos Orb,0.09091,3
695,Abyss,2018-01-27,Orb of Chance,Chaos Orb,0.09091,3
696,Abyss,2018-01-28,Orb of Chance,Chaos Orb,0.0909,3
697,Abyss,2018-01-29,Orb of Chance,Chaos Orb,0.09067,3
698,Abyss,2018-01-30,Orb of Chance,Chaos Orb,0.09046,3
699,Abyss,2018-01-31,Orb of Chance,Chaos Orb,0.08879,3
700,Abyss,2018-02-01,Orb of Chance,Chaos Orb,0.08679,3
701,Abyss,2018-02-02,Orb of Chance,Chaos Orb,0.08724,3
702,Abyss,2018-02-03,Orb of Chance,Chaos Orb,0.08832,3
703,Abyss,2018-02-04,Orb of Chance,Chaos Orb,0.08632,3
704,Abyss,2018-02-05,Orb of Chance,Chaos Orb,0.08519,3
705,Abyss,2018-02-06,Orb of Chance,Chaos Orb,0.08579,3
706,Abyss,2018-02-07,Orb of Chance,Chaos Orb,0.08434,3
707,Abyss,2018-02-08,Orb of Chance,Chaos Orb,0.08664,3
708,Abyss,2018-02-09,Orb of Chance,Chaos Orb,0.0886,3
709,Abyss,2018-02-10,Orb of Chance,Chaos Orb,0.08595,3
710,Abyss,2018-02-11,Orb of Chance,Chaos Orb,0.08217,3
711,Abyss,2018-02-12,Orb of Chance,Chaos Orb,0.08428,3
712,Abyss,2018-02-13,Orb of Chance,Chaos Orb,0.08339,3
713,Abyss,2018-02-14,Orb of Chance,Chaos Orb,0.08365,3
714,Abyss,2018-02-15,Orb of Chance,Chaos Orb,0.08558,3
715,Abyss,2018-02-16,Orb of Chance,Chaos Orb,0.08576,3
716,Abyss,2018-02-17,Orb of Chance,Chaos Orb,0.08673,3
717,Abyss,2018-02-18,Orb of Chance,Chaos Orb,0.0879,3
718,Abyss,2018-02-19,Orb of Chance,Chaos Orb,0.08825,3
719,Abyss,2018-02-20,Orb of Chance,Chaos Orb,0.08767,3
720,Abyss,2018-02-21,Orb of Chance,Chaos Orb,0.08794,3
721,Abyss,2018-02-22,Orb of Chance,Chaos Orb,0.08901,3
722,Abyss,2018-02-23,Orb of Chance,Chaos Orb,0.09067,3
723,Abyss,2018-02-24,Orb of Chance,Chaos Orb,0.09091,3
724,Abyss,2018-02-25,Orb of Chance,Chaos Orb,0.09042,3
725,Abyss,2018-02-26,Orb of Chance,Chaos Orb,0.09177,3
726,Abyss,2017-12-09,Orb of Scouring,Chaos Orb,0.26894,8
727,Abyss,2017-12-10,Orb of Scouring,Chaos Orb,0.28354,8
728,Abyss,2017-12-11,Orb of Scouring,Chaos Orb,0.37138,8
729,Abyss,2017-12-12,Orb of Scouring,Chaos Orb,0.43997,8
730,Abyss,2017-12-13,Orb of Scouring,Chaos Orb,0.461,8
731,Abyss,2017-12-14,Orb of Scouring,Chaos Orb,0.41963,8
732,Abyss,2017-12-15,Orb of Scouring,Chaos Orb,0.40869,8
733,Abyss,2017-12-16,Orb of Scouring,Chaos Orb,0.39201,8
734,Abyss,2017-12-17,Orb of Scouring,Chaos Orb,0.36865,8
735,Abyss,2017-12-18,Orb of Scouring,Chaos Orb,0.34759,8
736,Abyss,2017-12-19,Orb of Scouring,Chaos Orb,0.34947,8
737,Abyss,2017-12-20,Orb of Scouring,Chaos Orb,0.35693,8
738,Abyss,2017-12-21,Orb of Scouring,Chaos Orb,0.35676,8
739,Abyss,2017-12-22,Orb of Scouring,Chaos Orb,0.36082,8
740,Abyss,2017-12-23,Orb of Scouring,Chaos Orb,0.35162,8
741,Abyss,2017-12-24,Orb of Scouring,Chaos Orb,0.3288,8
742,Abyss,2017-12-25,Orb of Scouring,Chaos Orb,0.30395,8
743,Abyss,2017-12-26,Orb of Scouring,Chaos Orb,0.30229,8
744,Abyss,2017-12-27,Orb of Scouring,Chaos Orb,0.30332,8
745,Abyss,2017-12-28,Orb of Scouring,Chaos Orb,0.31811,8
746,Abyss,2017-12-29,Orb of Scouring,Chaos Orb,0.33529,8
747,Abyss,2017-12-30,Orb of Scouring,Chaos Orb,0.33617,8
748,Abyss,2017-12-31,Orb of Scouring,Chaos Orb,0.33217,8
749,Abyss,2018-01-01,Orb of Scouring,Chaos Orb,0.31659,8
750,Abyss,2018-01-02,Orb of Scouring,Chaos Orb,0.30641,8
751,Abyss,2018-01-03,Orb of Scouring,Chaos Orb,0.30593,8
752,Abyss,2018-01-04,Orb of Scouring,Chaos Orb,0.32106,8
753,Abyss,2018-01-05,Orb of Scouring,Chaos Orb,0.37098,8
754,Abyss,2018-01-06,Orb of Scouring,Chaos Orb,0.38951,8
755,Abyss,2018-01-07,Orb of Scouring,Chaos Orb,0.37726,8
756,Abyss,2018-01-08,Orb of Scouring,Chaos Orb,0.37881,8
757,Abyss,2018-01-09,Orb of Scouring,Chaos Orb,0.37508,8
758,Abyss,2018-01-10,Orb of Scouring,Chaos Orb,0.38065,8
759,Abyss,2018-01-11,Orb of Scouring,Chaos Orb,0.40562,8
760,Abyss,2018-01-12,Orb of Scouring,Chaos Orb,0.41162,8
761,Abyss,2018-01-13,Orb of Scouring,Chaos Orb,0.42565,8
762,Abyss,2018-01-14,Orb of Scouring,Chaos Orb,0.42492,8
763,Abyss,2018-01-15,Orb of Scouring,Chaos Orb,0.42397,8
764,Abyss,2018-01-16,Orb of Scouring,Chaos Orb,0.40317,8
765,Abyss,2018-01-17,Orb of Scouring,Chaos Orb,0.39938,8
766,Abyss,2018-01-18,Orb of Scouring,Chaos Orb,0.39567,8
767,Abyss,2018-01-19,Orb of Scouring,Chaos Orb,0.38814,8
768,Abyss,2018-01-20,Orb of Scouring,Chaos Orb,0.3856,8
769,Abyss,2018-01-21,Orb of Scouring,Chaos Orb,0.38519,8
770,Abyss,2018-01-22,Orb of Scouring,Chaos Orb,0.39392,8
771,Abyss,2018-01-23,Orb of Scouring,Chaos Orb,0.39679,8
772,Abyss,2018-01-24,Orb of Scouring,Chaos Orb,0.39853,8
773,Abyss,2018-01-25,Orb of Scouring,Chaos Orb,0.39823,8
774,Abyss,2018-01-26,Orb of Scouring,Chaos Orb,0.40047,8
775,Abyss,2018-01-27,Orb of Scouring,Chaos Orb,0.39655,8
776,Abyss,2018-01-28,Orb of Scouring,Chaos Orb,0.39245,8
777,Abyss,2018-01-29,Orb of Scouring,Chaos Orb,0.3834,8
778,Abyss,2018-01-30,Orb of Scouring,Chaos Orb,0.38424,8
779,Abyss,2018-01-31,Orb of Scouring,Chaos Orb,0.38623,8
780,Abyss,2018-02-01,Orb of Scouring,Chaos Orb,0.39252,8
781,Abyss,2018-02-02,Orb of Scouring,Chaos Orb,0.39042,8
782,Abyss,2018-02-03,Orb of Scouring,Chaos Orb,0.38759,8
783,Abyss,2018-02-04,Orb of Scouring,Chaos Orb,0.38456,8
784,Abyss,2018-02-05,Orb of Scouring,Chaos Orb,0.38312,8
785,Abyss,2018-02-06,Orb of Scouring,Chaos Orb,0.38751,8
786,Abyss,2018-02-07,Orb of Scouring,Chaos Orb,0.39009,8
787,Abyss,2018-02-08,Orb of Scouring,Chaos Orb,0.39731,8
788,Abyss,2018-02-09,Orb of Scouring,Chaos Orb,0.3978,8
789,Abyss,2018-02-10,Orb of Scouring,Chaos Orb,0.39949,8
790,Abyss,2018-02-11,Orb of Scouring,Chaos Orb,0.4,8
791,Abyss,2018-02-12,Orb of Scouring,Chaos Orb,0.4,8
792,Abyss,2018-02-13,Orb of Scouring,Chaos Orb,0.39937,8
793,Abyss,2018-02-14,Orb of Scouring,Chaos Orb,0.39975,8
794,Abyss,2018-02-15,Orb of Scouring,Chaos Orb,0.4082,8
795,Abyss,2018-02-16,Orb of Scouring,Chaos Orb,0.42939,8
796,Abyss,2018-02-17,Orb of Scouring,Chaos Orb,0.43628,8
797,Abyss,2018-02-18,Orb of Scouring,Chaos Orb,0.4426,8
798,Abyss,2018-02-19,Orb of Scouring,Chaos Orb,0.42976,8
799,Abyss,2018-02-20,Orb of Scouring,Chaos Orb,0.44391,8
800,Abyss,2018-02-21,Orb of Scouring,Chaos Orb,0.45231,8
801,Abyss,2018-02-22,Orb of Scouring,Chaos Orb,0.45669,8
802,Abyss,2018-02-23,Orb of Scouring,Chaos Orb,0.47382,8
803,Abyss,2018-02-24,Orb of Scouring,Chaos Orb,0.47635,8
804,Abyss,2018-02-25,Orb of Scouring,Chaos Orb,0.47859,8
805,Abyss,2018-02-26,Orb of Scouring,Chaos Orb,0.47323,8
806,Abyss,2017-12-09,Exalted Orb,Chaos Orb,26.16644,0
807,Abyss,2017-12-10,Exalted Orb,Chaos Orb,35.92556,0
808,Abyss,2017-12-11,Exalted Orb,Chaos Orb,43.5739,0
809,Abyss,2017-12-12,Exalted Orb,Chaos Orb,47.99698,0
810,Abyss,2017-12-13,Exalted Orb,Chaos Orb,45.45841,0
811,Abyss,2017-12-14,Exalted Orb,Chaos Orb,41.32816,0
812,Abyss,2017-12-15,Exalted Orb,Chaos Orb,42.48889,0
813,Abyss,2017-12-16,Exalted Orb,Chaos Orb,41.78923,0
814,Abyss,2017-12-17,Exalted Orb,Chaos Orb,41.5251,0
815,Abyss,2017-12-18,Exalted Orb,Chaos Orb,45.1072,0
816,Abyss,2017-12-19,Exalted Orb,Chaos Orb,60.96511,0
817,Abyss,2017-12-20,Exalted Orb,Chaos Orb,69.67122,0
818,Abyss,2017-12-21,Exalted Orb,Chaos Orb,71.29334,0
819,Abyss,2017-12-22,Exalted Orb,Chaos Orb,74.122,0
820,Abyss,2017-12-23,Exalted Orb,Chaos Orb,79.05021,0
821,Abyss,2017-12-24,Exalted Orb,Chaos Orb,85.535,0
822,Abyss,2017-12-25,Exalted Orb,Chaos Orb,90.74893,0
823,Abyss,2017-12-26,Exalted Orb,Chaos Orb,85.32706,0
824,Abyss,2017-12-27,Exalted Orb,Chaos Orb,80.56075,0
825,Abyss,2017-12-28,Exalted Orb,Chaos Orb,82.91698,0
826,Abyss,2017-12-29,Exalted Orb,Chaos Orb,83.99195,0
827,Abyss,2017-12-30,Exalted Orb,Chaos Orb,84.24766,0
828,Abyss,2017-12-31,Exalted Orb,Chaos Orb,85.36966,0
829,Abyss,2018-01-01,Exalted Orb,Chaos Orb,85.3875,0
830,Abyss,2018-01-02,Exalted Orb,Chaos Orb,87.69038,0
831,Abyss,2018-01-03,Exalted Orb,Chaos Orb,90.22788,0
832,Abyss,2018-01-04,Exalted Orb,Chaos Orb,91.21405,0
833,Abyss,2018-01-05,Exalted Orb,Chaos Orb,90.67512,0
834,Abyss,2018-01-06,Exalted Orb,Chaos Orb,91.11682,0
835,Abyss,2018-01-07,Exalted Orb,Chaos Orb,90.39382,0
836,Abyss,2018-01-08,Exalted Orb,Chaos Orb,90.05419,0
837,Abyss,2018-01-09,Exalted Orb,Chaos Orb,89.94693,0
838,Abyss,2018-01-10,Exalted Orb,Chaos Orb,89.87451,0
839,Abyss,2018-01-11,Exalted Orb,Chaos Orb,89.6155,0
840,Abyss,2018-01-12,Exalted Orb,Chaos Orb,88.81333,0
841,Abyss,2018-01-13,Exalted Orb,Chaos Orb,86.78846,0
842,Abyss,2018-01-14,Exalted Orb,Chaos Orb,81.81886,0
843,Abyss,2018-01-15,Exalted Orb,Chaos Orb,78.63808,0
844,Abyss,2018-01-16,Exalted Orb,Chaos Orb,77.85869,0
845,Abyss,2018-01-17,Exalted Orb,Chaos Orb,77.20399,0
846,Abyss,2018-01-18,Exalted Orb,Chaos Orb,76.77234,0
847,Abyss,2018-01-19,Exalted Orb,Chaos Orb,72.81259,0
848,Abyss,2018-01-20,Exalted Orb,Chaos Orb,68.9256,0
849,Abyss,2018-01-21,Exalted Orb,Chaos Orb,67.84483,0
850,Abyss,2018-01-22,Exalted Orb,Chaos Orb,70.44751,0
851,Abyss,2018-01-23,Exalted Orb,Chaos Orb,75.27812,0
852,Abyss,2018-01-24,Exalted Orb,Chaos Orb,78.21833,0
853,Abyss,2018-01-25,Exalted Orb,Chaos Orb,77.93544,0
854,Abyss,2018-01-26,Exalted Orb,Chaos Orb,77.29143,0
855,Abyss,2018-01-27,Exalted Orb,Chaos Orb,75.72125,0
856,Abyss,2018-01-28,Exalted Orb,Chaos Orb,73.45626,0
857,Abyss,2018-01-29,Exalted Orb,Chaos Orb,74.19236,0
858,Abyss,2018-01-30,Exalted Orb,Chaos Orb,74.26587,0
859,Abyss,2018-01-31,Exalted Orb,Chaos Orb,75.10968,0
860,Abyss,2018-02-01,Exalted Orb,Chaos Orb,76.09847,0
861,Abyss,2018-02-02,Exalted Orb,Chaos Orb,78.64601,0
862,Abyss,2018-02-03,Exalted Orb,Chaos Orb,79.01144,0
863,Abyss,2018-02-04,Exalted Orb,Chaos Orb,79.27997,0
864,Abyss,2018-02-05,Exalted Orb,Chaos Orb,80.45141,0
865,Abyss,2018-02-06,Exalted Orb,Chaos Orb,81.86628,0
866,Abyss,2018-02-07,Exalted Orb,Chaos Orb,84.66503,0
867,Abyss,2018-02-08,Exalted Orb,Chaos Orb,85.41624,0
868,Abyss,2018-02-09,Exalted Orb,Chaos Orb,89.16657,0
869,Abyss,2018-02-10,Exalted Orb,Chaos Orb,91.12992,0
870,Abyss,2018-02-11,Exalted Orb,Chaos Orb,91.83544,0
871,Abyss,2018-02-12,Exalted Orb,Chaos Orb,92.02525,0
872,Abyss,2018-02-13,Exalted Orb,Chaos Orb,92.28014,0
873,Abyss,2018-02-14,Exalted Orb,Chaos Orb,91.17432,0
874,Abyss,2018-02-15,Exalted Orb,Chaos Orb,91.55051,0
875,Abyss,2018-02-16,Exalted Orb,Chaos Orb,91.0904,0
876,Abyss,2018-02-17,Exalted Orb,Chaos Orb,90.93832,0
877,Abyss,2018-02-18,Exalted Orb,Chaos Orb,90.98109,0
878,Abyss,2018-02-19,Exalted Orb,Chaos Orb,90.96212,0
879,Abyss,2018-02-20,Exalted Orb,Chaos Orb,90.39355,0
880,Abyss,2018-02-21,Exalted Orb,Chaos Orb,91.67467,0
881,Abyss,2018-02-22,Exalted Orb,Chaos Orb,92.86349,0
882,Abyss,2018-02-23,Exalted Orb,Chaos Orb,94.33016,0
883,Abyss,2018-02-24,Exalted Orb,Chaos Orb,94.93684,0
884,Abyss,2018-02-25,Exalted Orb,Chaos Orb,95.83257,0
885,Abyss,2018-02-26,Exalted Orb,Chaos Orb,98.78955,0
886,Abyss,2017-12-09,Orb of Annulment,Chaos Orb,2.30612,1
887,Abyss,2017-12-10,Orb of Annulment,Chaos Orb,2,1
888,Abyss,2017-12-11,Orb of Annulment,Chaos Orb,2.60824,1
889,Abyss,2017-12-12,Orb of Annulment,Chaos Orb,3.86443,1
890,Abyss,2017-12-13,Orb of Annulment,Chaos Orb,4,1
891,Abyss,2017-12-14,Orb of Annulment,Chaos Orb,4.23473,1
892,Abyss,2017-12-15,Orb of Annulment,Chaos Orb,5,1
893,Abyss,2017-12-16,Orb of Annulment,Chaos Orb,5,1
894,Abyss,2017-12-17,Orb of Annulment,Chaos Orb,4.99309,1
895,Abyss,2017-12-18,Orb of Annulment,Chaos Orb,5,1
896,Abyss,2017-12-19,Orb of Annulment,Chaos Orb,5.08799,1
897,Abyss,2017-12-20,Orb of Annulment,Chaos Orb,5.90498,1
898,Abyss,2017-12-21,Orb of Annulment,Chaos Orb,6.47003,1
899,Abyss,2017-12-22,Orb of Annulment,Chaos Orb,6.62183,1
900,Abyss,2017-12-23,Orb of Annulment,Chaos Orb,6.95578,1
901,Abyss,2017-12-24,Orb of Annulment,Chaos Orb,7,1
902,Abyss,2017-12-25,Orb of Annulment,Chaos Orb,6.99605,1
903,Abyss,2017-12-26,Orb of Annulment,Chaos Orb,7.50439,1
904,Abyss,2017-12-27,Orb of Annulment,Chaos Orb,7.95355,1
905,Abyss,2017-12-28,Orb of Annulment,Chaos Orb,8.23768,1
906,Abyss,2017-12-29,Orb of Annulment,Chaos Orb,9.54315,1
907,Abyss,2017-12-30,Orb of Annulment,Chaos Orb,9.95309,1
908,Abyss,2017-12-31,Orb of Annulment,Chaos Orb,9.86057,1
909,Abyss,2018-01-01,Orb of Annulment,Chaos Orb,9.95504,1
910,Abyss,2018-01-02,Orb of Annulment,Chaos Orb,9.93938,1
911,Abyss,2018-01-03,Orb of Annulment,Chaos Orb,9.98246,1
912,Abyss,2018-01-04,Orb of Annulment,Chaos Orb,10.022,1
913,Abyss,2018-01-05,Orb of Annulment,Chaos Orb,10.23394,1
914,Abyss,2018-01-06,Orb of Annulment,Chaos Orb,10.11495,1
915,Abyss,2018-01-07,Orb of Annulment,Chaos Orb,10.19503,1
916,Abyss,2018-01-08,Orb of Annulment,Chaos Orb,10.30724,1
917,Abyss,2018-01-09,Orb of Annulment,Chaos Orb,10.54718,1
918,Abyss,2018-01-10,Orb of Annulment,Chaos Orb,10.8225,1
919,Abyss,2018-01-11,Orb of Annulment,Chaos Orb,10.83967,1
920,Abyss,2018-01-12,Orb of Annulment,Chaos Orb,10.96036,1
921,Abyss,2018-01-13,Orb of Annulment,Chaos Orb,11.29435,1
922,Abyss,2018-01-14,Orb of Annulment,Chaos Orb,11.15392,1
923,Abyss,2018-01-15,Orb of Annulment,Chaos Orb,11.93049,1
924,Abyss,2018-01-16,Orb of Annulment,Chaos Orb,11.94331,1
925,Abyss,2018-01-17,Orb of Annulment,Chaos Orb,12.30183,1
926,Abyss,2018-01-18,Orb of Annulment,Chaos Orb,13.19532,1
927,Abyss,2018-01-19,Orb of Annulment,Chaos Orb,14.06655,1
928,Abyss,2018-01-20,Orb of Annulment,Chaos Orb,13.11313,1
929,Abyss,2018-01-21,Orb of Annulment,Chaos Orb,12.03923,1
930,Abyss,2018-01-22,Orb of Annulment,Chaos Orb,11.99784,1
931,Abyss,2018-01-23,Orb of Annulment,Chaos Orb,12,1
932,Abyss,2018-01-24,Orb of Annulment,Chaos Orb,12.35731,1
933,Abyss,2018-01-25,Orb of Annulment,Chaos Orb,12.98778,1
934,Abyss,2018-01-26,Orb of Annulment,Chaos Orb,12.94231,1
935,Abyss,2018-01-27,Orb of Annulment,Chaos Orb,12.7187,1
936,Abyss,2018-01-28,Orb of Annulment,Chaos Orb,11.98144,1
937,Abyss,2018-01-29,Orb of Annulment,Chaos Orb,12,1
938,Abyss,2018-01-30,Orb of Annulment,Chaos Orb,12.31732,1
939,Abyss,2018-01-31,Orb of Annulment,Chaos Orb,12.91258,1
940,Abyss,2018-02-01,Orb of Annulment,Chaos Orb,13,1
941,Abyss,2018-02-02,Orb of Annulment,Chaos Orb,13.01654,1
942,Abyss,2018-02-03,Orb of Annulment,Chaos Orb,13.19064,1
943,Abyss,2018-02-04,Orb of Annulment,Chaos Orb,13.40981,1
944,Abyss,2018-02-05,Orb of Annulment,Chaos Orb,12.83631,1
945,Abyss,2018-02-06,Orb of Annulment,Chaos Orb,13.56343,1
946,Abyss,2018-02-07,Orb of Annulment,Chaos Orb,14.03081,1
947,Abyss,2018-02-08,Orb of Annulment,Chaos Orb,14.40479,1
948,Abyss,2018-02-09,Orb of Annulment,Chaos Orb,14.94241,1
949,Abyss,2018-02-10,Orb of Annulment,Chaos Orb,15.22423,1
950,Abyss,2018-02-11,Orb of Annulment,Chaos Orb,14.94343,1
951,Abyss,2018-02-12,Orb of Annulment,Chaos Orb,14.91165,1
952,Abyss,2018-02-13,Orb of Annulment,Chaos Orb,15.04607,1
953,Abyss,2018-02-14,Orb of Annulment,Chaos Orb,15.53927,1
954,Abyss,2018-02-15,Orb of Annulment,Chaos Orb,16.05944,1
955,Abyss,2018-02-16,Orb of Annulment,Chaos Orb,16.4798,1
956,Abyss,2018-02-17,Orb of Annulment,Chaos Orb,16.47373,1
957,Abyss,2018-02-18,Orb of Annulment,Chaos Orb,16.36166,1
958,Abyss,2018-02-19,Orb of Annulment,Chaos Orb,15.52833,1
959,Abyss,2018-02-20,Orb of Annulment,Chaos Orb,15.72069,1
960,Abyss,2018-02-21,Orb of Annulment,Chaos Orb,15.88945,1
961,Abyss,2018-02-22,Orb of Annulment,Chaos Orb,15.70164,1
962,Abyss,2018-02-23,Orb of Annulment,Chaos Orb,16.42146,1
963,Abyss,2018-02-24,Orb of Annulment,Chaos Orb,17.55844,1
964,Abyss,2018-02-25,Orb of Annulment,Chaos Orb,17.43139,1
965,Abyss,2018-02-26,Orb of Annulment,Chaos Orb,17.31906,1
