League,date,Currency,PriceCurrency,Value,CurrencyID
Bestiary,2018-03-02,Orb of Augmentation,Chaos Orb,1,11
Bestiary,2018-03-03,Orb of Augmentation,Chaos Orb,0.23902,11
Bestiary,2018-03-04,Orb of Augmentation,Chaos Orb,0.09984,11
Bestiary,2018-03-05,Orb of Augmentation,Chaos Orb,0.05199,11
Bestiary,2018-03-06,Orb of Augmentation,Chaos Orb,0.04286,11
Bestiary,2018-03-07,Orb of Augmentation,Chaos Orb,0.03661,11
Bestiary,2018-03-08,Orb of Augmentation,Chaos Orb,0.0316,11
Bestiary,2018-03-09,Orb of Augmentation,Chaos Orb,0.03108,11
Bestiary,2018-03-10,Orb of Augmentation,Chaos Orb,0.03038,11
Bestiary,2018-03-11,Orb of Augmentation,Chaos Orb,0.0314,11
Bestiary,2018-03-12,Orb of Augmentation,Chaos Orb,0.03391,11
Bestiary,2018-03-13,Orb of Augmentation,Chaos Orb,0.0488,11
Bestiary,2018-03-14,Orb of Augmentation,Chaos Orb,0.04408,11
Bestiary,2018-03-15,Orb of Augmentation,Chaos Orb,0.04475,11
Bestiary,2018-03-16,Orb of Augmentation,Chaos Orb,0.04154,11
Bestiary,2018-03-17,Orb of Augmentation,Chaos Orb,0.04185,11
Bestiary,2018-03-18,Orb of Augmentation,Chaos Orb,0.03889,11
Bestiary,2018-03-19,Orb of Augmentation,Chaos Orb,0.03691,11
Bestiary,2018-03-20,Orb of Augmentation,Chaos Orb,0.03586,11
Bestiary,2018-03-21,Orb of Augmentation,Chaos Orb,0.03435,11
Bestiary,2018-03-22,Orb of Augmentation,Chaos Orb,0.03623,11
Bestiary,2018-03-23,Orb of Augmentation,Chaos Orb,0.03854,11
Bestiary,2018-03-24,Orb of Augmentation,Chaos Orb,0.03966,11
Bestiary,2018-03-25,Orb of Augmentation,Chaos Orb,0.03809,11
Bestiary,2018-03-26,Orb of Augmentation,Chaos Orb,0.03527,11
Bestiary,2018-03-27,Orb of Augmentation,Chaos Orb,0.03365,11
Bestiary,2018-03-28,Orb of Augmentation,Chaos Orb,0.03333,11
Bestiary,2018-03-29,Orb of Augmentation,Chaos Orb,0.03376,11
Bestiary,2018-03-30,Orb of Augmentation,Chaos Orb,0.03301,11
Bestiary,2018-03-31,Orb of Augmentation,Chaos Orb,0.03281,11
Bestiary,2018-04-01,Orb of Augmentation,Chaos Orb,0.03332,11
Bestiary,2018-04-02,Orb of Augmentation,Chaos Orb,0.03595,11
Bestiary,2018-04-03,Orb of Augmentation,Chaos Orb,0.03877,11
Bestiary,2018-04-04,Orb of Augmentation,Chaos Orb,0.04,11
Bestiary,2018-04-05,Orb of Augmentation,Chaos Orb,0.03959,11
Bestiary,2018-04-06,Orb of Augmentation,Chaos Orb,0.03936,11
Bestiary,2018-04-07,Orb of Augmentation,Chaos Orb,0.03787,11
Bestiary,2018-04-08,Orb of Augmentation,Chaos Orb,0.03759,11
Bestiary,2018-04-09,Orb of Augmentation,Chaos Orb,0.03421,11
Bestiary,2018-04-10,Orb of Augmentation,Chaos Orb,0.03333,11
Bestiary,2018-04-11,Orb of Augmentation,Chaos Orb,0.03774,11
Bestiary,2018-04-12,Orb of Augmentation,Chaos Orb,0.04006,11
Bestiary,2018-04-13,Orb of Augmentation,Chaos Orb,0.04295,11
Bestiary,2018-04-14,Orb of Augmentation,Chaos Orb,0.04144,11
Bestiary,2018-04-15,Orb of Augmentation,Chaos Orb,0.04167,11
Bestiary,2018-04-16,Orb of Augmentation,Chaos Orb,0.04028,11
Bestiary,2018-04-17,Orb of Augmentation,Chaos Orb,0.04123,11
Bestiary,2018-04-18,Orb of Augmentation,Chaos Orb,0.03973,11
Bestiary,2018-04-19,Orb of Augmentation,Chaos Orb,0.03818,11
Bestiary,2018-04-20,Orb of Augmentation,Chaos Orb,0.03954,11
Bestiary,2018-04-21,Orb of Augmentation,Chaos Orb,0.04412,11
Bestiary,2018-04-22,Orb of Augmentation,Chaos Orb,0.04225,11
Bestiary,2018-04-23,Orb of Augmentation,Chaos Orb,0.04173,11
Bestiary,2018-04-24,Orb of Augmentation,Chaos Orb,0.04476,11
Bestiary,2018-04-25,Orb of Augmentation,Chaos Orb,0.04722,11
Bestiary,2018-04-26,Orb of Augmentation,Chaos Orb,0.04715,11
Bestiary,2018-04-27,Orb of Augmentation,Chaos Orb,0.04776,11
Bestiary,2018-04-28,Orb of Augmentation,Chaos Orb,0.04,11
Bestiary,2018-04-29,Orb of Augmentation,Chaos Orb,0.04,11
Bestiary,2018-04-30,Orb of Augmentation,Chaos Orb,0.03776,11
Bestiary,2018-05-01,Orb of Augmentation,Chaos Orb,0.03811,11
Bestiary,2018-05-02,Orb of Augmentation,Chaos Orb,0.03671,11
Bestiary,2018-05-03,Orb of Augmentation,Chaos Orb,0.03704,11
Bestiary,2018-05-04,Orb of Augmentation,Chaos Orb,0.03704,11
Bestiary,2018-05-05,Orb of Augmentation,Chaos Orb,0.03681,11
Bestiary,2018-05-06,Orb of Augmentation,Chaos Orb,0.03638,11
Bestiary,2018-05-07,Orb of Augmentation,Chaos Orb,0.03704,11
Bestiary,2018-05-08,Orb of Augmentation,Chaos Orb,0.03704,11
Bestiary,2018-05-09,Orb of Augmentation,Chaos Orb,0.03742,11
Bestiary,2018-05-10,Orb of Augmentation,Chaos Orb,0.04144,11
Bestiary,2018-05-11,Orb of Augmentation,Chaos Orb,0.04464,11
Bestiary,2018-05-12,Orb of Augmentation,Chaos Orb,0.04545,11
Bestiary,2018-05-13,Orb of Augmentation,Chaos Orb,0.03867,11
Bestiary,2018-05-14,Orb of Augmentation,Chaos Orb,0.03952,11
Bestiary,2018-05-15,Orb of Augmentation,Chaos Orb,0.04,11
Bestiary,2018-05-16,Orb of Augmentation,Chaos Orb,0.03912,11
Bestiary,2018-05-17,Orb of Augmentation,Chaos Orb,0.03641,11
Bestiary,2018-05-18,Orb of Augmentation,Chaos Orb,0.04,11
Bestiary,2018-05-19,Orb of Augmentation,Chaos Orb,0.04,11
Bestiary,2018-05-20,Orb of Augmentation,Chaos Orb,0.0442,11
Bestiary,2018-05-21,Orb of Augmentation,Chaos Orb,0.0438,11
Bestiary,2018-05-22,Orb of Augmentation,Chaos Orb,0.04418,11
Bestiary,2018-05-23,Orb of Augmentation,Chaos Orb,0.04096,11
Bestiary,2018-05-24,Orb of Augmentation,Chaos Orb,0.04368,11
Bestiary,2018-05-25,Orb of Augmentation,Chaos Orb,0.04475,11
Bestiary,2018-05-26,Orb of Augmentation,Chaos Orb,0.04803,11
Bestiary,2018-05-27,Orb of Augmentation,Chaos Orb,0.04812,11
Bestiary,2018-05-28,Orb of Augmentation,Chaos Orb,0.04984,11
Bestiary,2018-03-02,Orb of Transmutation,Chaos Orb,0.96089,2
Bestiary,2018-03-03,Orb of Transmutation,Chaos Orb,0.16176,2
Bestiary,2018-03-04,Orb of Transmutation,Chaos Orb,0.04976,2
Bestiary,2018-03-05,Orb of Transmutation,Chaos Orb,0.03469,2
Bestiary,2018-03-06,Orb of Transmutation,Chaos Orb,0.03235,2
Bestiary,2018-03-07,Orb of Transmutation,Chaos Orb,0.03075,2
Bestiary,2018-03-08,Orb of Transmutation,Chaos Orb,0.02867,2
Bestiary,2018-03-09,Orb of Transmutation,Chaos Orb,0.02739,2
Bestiary,2018-03-10,Orb of Transmutation,Chaos Orb,0.03058,2
Bestiary,2018-03-11,Orb of Transmutation,Chaos Orb,0.03265,2
Bestiary,2018-03-12,Orb of Transmutation,Chaos Orb,0.03114,2
Bestiary,2018-03-13,Orb of Transmutation,Chaos Orb,0.0312,2
Bestiary,2018-03-14,Orb of Transmutation,Chaos Orb,0.03116,2
Bestiary,2018-03-15,Orb of Transmutation,Chaos Orb,0.03203,2
Bestiary,2018-03-16,Orb of Transmutation,Chaos Orb,0.03164,2
Bestiary,2018-03-17,Orb of Transmutation,Chaos Orb,0.0317,2
Bestiary,2018-03-18,Orb of Transmutation,Chaos Orb,0.0314,2
Bestiary,2018-03-19,Orb of Transmutation,Chaos Orb,0.03006,2
Bestiary,2018-03-20,Orb of Transmutation,Chaos Orb,0.03102,2
Bestiary,2018-03-21,Orb of Transmutation,Chaos Orb,0.02916,2
Bestiary,2018-03-22,Orb of Transmutation,Chaos Orb,0.02857,2
Bestiary,2018-03-23,Orb of Transmutation,Chaos Orb,0.02858,2
Bestiary,2018-03-24,Orb of Transmutation,Chaos Orb,0.02821,2
Bestiary,2018-03-25,Orb of Transmutation,Chaos Orb,0.02841,2
Bestiary,2018-03-26,Orb of Transmutation,Chaos Orb,0.0285,2
Bestiary,2018-03-27,Orb of Transmutation,Chaos Orb,0.02818,2
Bestiary,2018-03-28,Orb of Transmutation,Chaos Orb,0.02841,2
Bestiary,2018-03-29,Orb of Transmutation,Chaos Orb,0.02841,2
Bestiary,2018-03-30,Orb of Transmutation,Chaos Orb,0.02835,2
Bestiary,2018-03-31,Orb of Transmutation,Chaos Orb,0.02839,2
Bestiary,2018-04-01,Orb of Transmutation,Chaos Orb,0.02842,2
Bestiary,2018-04-02,Orb of Transmutation,Chaos Orb,0.02858,2
Bestiary,2018-04-03,Orb of Transmutation,Chaos Orb,0.02867,2
Bestiary,2018-04-04,Orb of Transmutation,Chaos Orb,0.02935,2
Bestiary,2018-04-05,Orb of Transmutation,Chaos Orb,0.02906,2
Bestiary,2018-04-06,Orb of Transmutation,Chaos Orb,0.02884,2
Bestiary,2018-04-07,Orb of Transmutation,Chaos Orb,0.02861,2
Bestiary,2018-04-08,Orb of Transmutation,Chaos Orb,0.03037,2
Bestiary,2018-04-09,Orb of Transmutation,Chaos Orb,0.0311,2
Bestiary,2018-04-10,Orb of Transmutation,Chaos Orb,0.0303,2
Bestiary,2018-04-11,Orb of Transmutation,Chaos Orb,0.03153,2
Bestiary,2018-04-12,Orb of Transmutation,Chaos Orb,0.03275,2
Bestiary,2018-04-13,Orb of Transmutation,Chaos Orb,0.03254,2
Bestiary,2018-04-14,Orb of Transmutation,Chaos Orb,0.03039,2
Bestiary,2018-04-15,Orb of Transmutation,Chaos Orb,0.03031,2
Bestiary,2018-04-16,Orb of Transmutation,Chaos Orb,0.0302,2
Bestiary,2018-04-17,Orb of Transmutation,Chaos Orb,0.02858,2
Bestiary,2018-04-18,Orb of Transmutation,Chaos Orb,0.0284,2
Bestiary,2018-04-19,Orb of Transmutation,Chaos Orb,0.02765,2
Bestiary,2018-04-20,Orb of Transmutation,Chaos Orb,0.02809,2
Bestiary,2018-04-21,Orb of Transmutation,Chaos Orb,0.02808,2
Bestiary,2018-04-22,Orb of Transmutation,Chaos Orb,0.02796,2
Bestiary,2018-04-23,Orb of Transmutation,Chaos Orb,0.02614,2
Bestiary,2018-04-24,Orb of Transmutation,Chaos Orb,0.02782,2
Bestiary,2018-04-25,Orb of Transmutation,Chaos Orb,0.02504,2
Bestiary,2018-04-26,Orb of Transmutation,Chaos Orb,0.02492,2
Bestiary,2018-04-27,Orb of Transmutation,Chaos Orb,0.02495,2
Bestiary,2018-04-28,Orb of Transmutation,Chaos Orb,0.025,2
Bestiary,2018-04-29,Orb of Transmutation,Chaos Orb,0.02476,2
Bestiary,2018-04-30,Orb of Transmutation,Chaos Orb,0.02465,2
Bestiary,2018-05-01,Orb of Transmutation,Chaos Orb,0.025,2
Bestiary,2018-05-02,Orb of Transmutation,Chaos Orb,0.025,2
Bestiary,2018-05-03,Orb of Transmutation,Chaos Orb,0.025,2
Bestiary,2018-05-04,Orb of Transmutation,Chaos Orb,0.025,2
Bestiary,2018-05-05,Orb of Transmutation,Chaos Orb,0.02599,2
Bestiary,2018-05-06,Orb of Transmutation,Chaos Orb,0.025,2
Bestiary,2018-05-07,Orb of Transmutation,Chaos Orb,0.025,2
Bestiary,2018-05-08,Orb of Transmutation,Chaos Orb,0.025,2
Bestiary,2018-05-09,Orb of Transmutation,Chaos Orb,0.02495,2
Bestiary,2018-05-10,Orb of Transmutation,Chaos Orb,0.025,2
Bestiary,2018-05-11,Orb of Transmutation,Chaos Orb,0.02631,2
Bestiary,2018-05-12,Orb of Transmutation,Chaos Orb,0.025,2
Bestiary,2018-05-13,Orb of Transmutation,Chaos Orb,0.025,2
Bestiary,2018-05-14,Orb of Transmutation,Chaos Orb,0.025,2
Bestiary,2018-05-15,Orb of Transmutation,Chaos Orb,0.02489,2
Bestiary,2018-05-16,Orb of Transmutation,Chaos Orb,0.025,2
Bestiary,2018-05-17,Orb of Transmutation,Chaos Orb,0.02478,2
Bestiary,2018-05-18,Orb of Transmutation,Chaos Orb,0.02439,2
Bestiary,2018-05-19,Orb of Transmutation,Chaos Orb,0.02439,2
Bestiary,2018-05-20,Orb of Transmutation,Chaos Orb,0.02439,2
Bestiary,2018-05-21,Orb of Transmutation,Chaos Orb,0.02445,2
Bestiary,2018-05-22,Orb of Transmutation,Chaos Orb,0.02439,2
Bestiary,2018-05-23,Orb of Transmutation,Chaos Orb,0.02439,2
Bestiary,2018-05-24,Orb of Transmutation,Chaos Orb,0.02439,2
Bestiary,2018-05-25,Orb of Transmutation,Chaos Orb,0.02439,2
Bestiary,2018-05-26,Orb of Transmutation,Chaos Orb,0.02311,2
Bestiary,2018-05-27,Orb of Transmutation,Chaos Orb,0.02277,2
Bestiary,2018-05-28,Orb of Transmutation,Chaos Orb,0.02439,2
Bestiary,2018-03-02,Chromatic Orb,Chaos Orb,0.36523,6
Bestiary,2018-03-03,Chromatic Orb,Chaos Orb,0.03846,6
Bestiary,2018-03-04,Chromatic Orb,Chaos Orb,0.05675,6
Bestiary,2018-03-05,Chromatic Orb,Chaos Orb,0.06686,6
Bestiary,2018-03-06,Chromatic Orb,Chaos Orb,0.06898,6
Bestiary,2018-03-07,Chromatic Orb,Chaos Orb,0.06648,6
Bestiary,2018-03-08,Chromatic Orb,Chaos Orb,0.06275,6
Bestiary,2018-03-09,Chromatic Orb,Chaos Orb,0.06367,6
Bestiary,2018-03-10,Chromatic Orb,Chaos Orb,0.06534,6
Bestiary,2018-03-11,Chromatic Orb,Chaos Orb,0.06598,6
Bestiary,2018-03-12,Chromatic Orb,Chaos Orb,0.0671,6
Bestiary,2018-03-13,Chromatic Orb,Chaos Orb,0.06603,6
Bestiary,2018-03-14,Chromatic Orb,Chaos Orb,0.06647,6
Bestiary,2018-03-15,Chromatic Orb,Chaos Orb,0.06723,6
Bestiary,2018-03-16,Chromatic Orb,Chaos Orb,0.06689,6
Bestiary,2018-03-17,Chromatic Orb,Chaos Orb,0.07014,6
Bestiary,2018-03-18,Chromatic Orb,Chaos Orb,0.06928,6
Bestiary,2018-03-19,Chromatic Orb,Chaos Orb,0.06943,6
Bestiary,2018-03-20,Chromatic Orb,Chaos Orb,0.06821,6
Bestiary,2018-03-21,Chromatic Orb,Chaos Orb,0.068,6
Bestiary,2018-03-22,Chromatic Orb,Chaos Orb,0.0675,6
Bestiary,2018-03-23,Chromatic Orb,Chaos Orb,0.06791,6
Bestiary,2018-03-24,Chromatic Orb,Chaos Orb,0.06935,6
Bestiary,2018-03-25,Chromatic Orb,Chaos Orb,0.07231,6
Bestiary,2018-03-26,Chromatic Orb,Chaos Orb,0.07625,6
Bestiary,2018-03-27,Chromatic Orb,Chaos Orb,0.07673,6
Bestiary,2018-03-28,Chromatic Orb,Chaos Orb,0.08427,6
Bestiary,2018-03-29,Chromatic Orb,Chaos Orb,0.09288,6
Bestiary,2018-03-30,Chromatic Orb,Chaos Orb,0.09251,6
Bestiary,2018-03-31,Chromatic Orb,Chaos Orb,0.09296,6
Bestiary,2018-04-01,Chromatic Orb,Chaos Orb,0.09381,6
Bestiary,2018-04-02,Chromatic Orb,Chaos Orb,0.09904,6
Bestiary,2018-04-03,Chromatic Orb,Chaos Orb,0.09961,6
Bestiary,2018-04-04,Chromatic Orb,Chaos Orb,0.09728,6
Bestiary,2018-04-05,Chromatic Orb,Chaos Orb,0.09742,6
Bestiary,2018-04-06,Chromatic Orb,Chaos Orb,0.09769,6
Bestiary,2018-04-07,Chromatic Orb,Chaos Orb,0.09763,6
Bestiary,2018-04-08,Chromatic Orb,Chaos Orb,0.09867,6
Bestiary,2018-04-09,Chromatic Orb,Chaos Orb,0.09828,6
Bestiary,2018-04-10,Chromatic Orb,Chaos Orb,0.09861,6
Bestiary,2018-04-11,Chromatic Orb,Chaos Orb,0.10043,6
Bestiary,2018-04-12,Chromatic Orb,Chaos Orb,0.10134,6
Bestiary,2018-04-13,Chromatic Orb,Chaos Orb,0.10034,6
Bestiary,2018-04-14,Chromatic Orb,Chaos Orb,0.09975,6
Bestiary,2018-04-15,Chromatic Orb,Chaos Orb,0.1023,6
Bestiary,2018-04-16,Chromatic Orb,Chaos Orb,0.10533,6
Bestiary,2018-04-17,Chromatic Orb,Chaos Orb,0.10767,6
Bestiary,2018-04-18,Chromatic Orb,Chaos Orb,0.10863,6
Bestiary,2018-04-19,Chromatic Orb,Chaos Orb,0.11021,6
Bestiary,2018-04-20,Chromatic Orb,Chaos Orb,0.1112,6
Bestiary,2018-04-21,Chromatic Orb,Chaos Orb,0.11036,6
Bestiary,2018-04-22,Chromatic Orb,Chaos Orb,0.10937,6
Bestiary,2018-04-23,Chromatic Orb,Chaos Orb,0.10827,6
Bestiary,2018-04-24,Chromatic Orb,Chaos Orb,0.10762,6
Bestiary,2018-04-25,Chromatic Orb,Chaos Orb,0.10979,6
Bestiary,2018-04-26,Chromatic Orb,Chaos Orb,0.10912,6
Bestiary,2018-04-27,Chromatic Orb,Chaos Orb,0.10958,6
Bestiary,2018-04-28,Chromatic Orb,Chaos Orb,0.11018,6
Bestiary,2018-04-29,Chromatic Orb,Chaos Orb,0.10989,6
Bestiary,2018-04-30,Chromatic Orb,Chaos Orb,0.11111,6
Bestiary,2018-05-01,Chromatic Orb,Chaos Orb,0.11364,6
Bestiary,2018-05-02,Chromatic Orb,Chaos Orb,0.11304,6
Bestiary,2018-05-03,Chromatic Orb,Chaos Orb,0.11111,6
Bestiary,2018-05-04,Chromatic Orb,Chaos Orb,0.10989,6
Bestiary,2018-05-05,Chromatic Orb,Chaos Orb,0.10661,6
Bestiary,2018-05-06,Chromatic Orb,Chaos Orb,0.09602,6
Bestiary,2018-05-07,Chromatic Orb,Chaos Orb,0.09725,6
Bestiary,2018-05-08,Chromatic Orb,Chaos Orb,0.09091,6
Bestiary,2018-05-09,Chromatic Orb,Chaos Orb,0.09091,6
Bestiary,2018-05-10,Chromatic Orb,Chaos Orb,0.09102,6
Bestiary,2018-05-11,Chromatic Orb,Chaos Orb,0.09091,6
Bestiary,2018-05-12,Chromatic Orb,Chaos Orb,0.09756,6
Bestiary,2018-05-13,Chromatic Orb,Chaos Orb,0.1,6
Bestiary,2018-05-14,Chromatic Orb,Chaos Orb,0.1,6
Bestiary,2018-05-15,Chromatic Orb,Chaos Orb,0.11111,6
Bestiary,2018-05-16,Chromatic Orb,Chaos Orb,0.11111,6
Bestiary,2018-05-17,Chromatic Orb,Chaos Orb,0.10526,6
Bestiary,2018-05-18,Chromatic Orb,Chaos Orb,0.10462,6
Bestiary,2018-05-19,Chromatic Orb,Chaos Orb,0.1,6
Bestiary,2018-05-20,Chromatic Orb,Chaos Orb,0.1,6
Bestiary,2018-05-21,Chromatic Orb,Chaos Orb,0.10663,6
Bestiary,2018-05-22,Chromatic Orb,Chaos Orb,0.11058,6
Bestiary,2018-05-23,Chromatic Orb,Chaos Orb,0.11034,6
Bestiary,2018-05-24,Chromatic Orb,Chaos Orb,0.1051,6
Bestiary,2018-05-25,Chromatic Orb,Chaos Orb,0.1087,6
Bestiary,2018-05-26,Chromatic Orb,Chaos Orb,0.10526,6
Bestiary,2018-05-27,Chromatic Orb,Chaos Orb,0.1067,6
Bestiary,2018-05-28,Chromatic Orb,Chaos Orb,0.10526,6
Bestiary,2018-03-02,Blacksmith's Whetstone,Chaos Orb,0.9985,10
Bestiary,2018-03-03,Blacksmith's Whetstone,Chaos Orb,0.10667,10
Bestiary,2018-03-04,Blacksmith's Whetstone,Chaos Orb,0.04618,10
Bestiary,2018-03-05,Blacksmith's Whetstone,Chaos Orb,0.03603,10
Bestiary,2018-03-06,Blacksmith's Whetstone,Chaos Orb,0.03393,10
Bestiary,2018-03-07,Blacksmith's Whetstone,Chaos Orb,0.03327,10
Bestiary,2018-03-08,Blacksmith's Whetstone,Chaos Orb,0.03336,10
Bestiary,2018-03-09,Blacksmith's Whetstone,Chaos Orb,0.03367,10
Bestiary,2018-03-10,Blacksmith's Whetstone,Chaos Orb,0.03377,10
Bestiary,2018-03-11,Blacksmith's Whetstone,Chaos Orb,0.03349,10
Bestiary,2018-03-12,Blacksmith's Whetstone,Chaos Orb,0.03312,10
Bestiary,2018-03-13,Blacksmith's Whetstone,Chaos Orb,0.03702,10
Bestiary,2018-03-14,Blacksmith's Whetstone,Chaos Orb,0.03542,10
Bestiary,2018-03-15,Blacksmith's Whetstone,Chaos Orb,0.03482,10
Bestiary,2018-03-16,Blacksmith's Whetstone,Chaos Orb,0.03353,10
Bestiary,2018-03-17,Blacksmith's Whetstone,Chaos Orb,0.0333,10
Bestiary,2018-03-18,Blacksmith's Whetstone,Chaos Orb,0.03321,10
Bestiary,2018-03-19,Blacksmith's Whetstone,Chaos Orb,0.0348,10
Bestiary,2018-03-20,Blacksmith's Whetstone,Chaos Orb,0.03516,10
Bestiary,2018-03-21,Blacksmith's Whetstone,Chaos Orb,0.03317,10
Bestiary,2018-03-22,Blacksmith's Whetstone,Chaos Orb,0.03271,10
Bestiary,2018-03-23,Blacksmith's Whetstone,Chaos Orb,0.03312,10
Bestiary,2018-03-24,Blacksmith's Whetstone,Chaos Orb,0.03333,10
Bestiary,2018-03-25,Blacksmith's Whetstone,Chaos Orb,0.03333,10
Bestiary,2018-03-26,Blacksmith's Whetstone,Chaos Orb,0.03333,10
Bestiary,2018-03-27,Blacksmith's Whetstone,Chaos Orb,0.03333,10
Bestiary,2018-03-28,Blacksmith's Whetstone,Chaos Orb,0.03325,10
Bestiary,2018-03-29,Blacksmith's Whetstone,Chaos Orb,0.03324,10
Bestiary,2018-03-30,Blacksmith's Whetstone,Chaos Orb,0.03321,10
Bestiary,2018-03-31,Blacksmith's Whetstone,Chaos Orb,0.03251,10
Bestiary,2018-04-01,Blacksmith's Whetstone,Chaos Orb,0.0332,10
Bestiary,2018-04-02,Blacksmith's Whetstone,Chaos Orb,0.03333,10
Bestiary,2018-04-03,Blacksmith's Whetstone,Chaos Orb,0.03333,10
Bestiary,2018-04-04,Blacksmith's Whetstone,Chaos Orb,0.03331,10
Bestiary,2018-04-05,Blacksmith's Whetstone,Chaos Orb,0.0333,10
Bestiary,2018-04-06,Blacksmith's Whetstone,Chaos Orb,0.0331,10
Bestiary,2018-04-07,Blacksmith's Whetstone,Chaos Orb,0.03262,10
Bestiary,2018-04-08,Blacksmith's Whetstone,Chaos Orb,0.03262,10
Bestiary,2018-04-09,Blacksmith's Whetstone,Chaos Orb,0.0333,10
Bestiary,2018-04-10,Blacksmith's Whetstone,Chaos Orb,0.03327,10
Bestiary,2018-04-11,Blacksmith's Whetstone,Chaos Orb,0.03329,10
Bestiary,2018-04-12,Blacksmith's Whetstone,Chaos Orb,0.03332,10
Bestiary,2018-04-13,Blacksmith's Whetstone,Chaos Orb,0.03332,10
Bestiary,2018-04-14,Blacksmith's Whetstone,Chaos Orb,0.03322,10
Bestiary,2018-04-15,Blacksmith's Whetstone,Chaos Orb,0.03331,10
Bestiary,2018-04-16,Blacksmith's Whetstone,Chaos Orb,0.03332,10
Bestiary,2018-04-17,Blacksmith's Whetstone,Chaos Orb,0.0331,10
Bestiary,2018-04-18,Blacksmith's Whetstone,Chaos Orb,0.03307,10
Bestiary,2018-04-19,Blacksmith's Whetstone,Chaos Orb,0.03305,10
Bestiary,2018-04-20,Blacksmith's Whetstone,Chaos Orb,0.03275,10
Bestiary,2018-04-21,Blacksmith's Whetstone,Chaos Orb,0.03329,10
Bestiary,2018-04-22,Blacksmith's Whetstone,Chaos Orb,0.03333,10
Bestiary,2018-04-23,Blacksmith's Whetstone,Chaos Orb,0.0333,10
Bestiary,2018-04-24,Blacksmith's Whetstone,Chaos Orb,0.03333,10
Bestiary,2018-04-25,Blacksmith's Whetstone,Chaos Orb,0.03333,10
Bestiary,2018-04-26,Blacksmith's Whetstone,Chaos Orb,0.03333,10
Bestiary,2018-04-27,Blacksmith's Whetstone,Chaos Orb,0.03333,10
Bestiary,2018-04-28,Blacksmith's Whetstone,Chaos Orb,0.03333,10
Bestiary,2018-04-29,Blacksmith's Whetstone,Chaos Orb,0.03333,10
Bestiary,2018-04-30,Blacksmith's Whetstone,Chaos Orb,0.03332,10
Bestiary,2018-05-01,Blacksmith's Whetstone,Chaos Orb,0.03333,10
Bestiary,2018-05-02,Blacksmith's Whetstone,Chaos Orb,0.03333,10
Bestiary,2018-05-03,Blacksmith's Whetstone,Chaos Orb,0.03333,10
Bestiary,2018-05-04,Blacksmith's Whetstone,Chaos Orb,0.03312,10
Bestiary,2018-05-05,Blacksmith's Whetstone,Chaos Orb,0.03285,10
Bestiary,2018-05-06,Blacksmith's Whetstone,Chaos Orb,0.03226,10
Bestiary,2018-05-07,Blacksmith's Whetstone,Chaos Orb,0.03254,10
Bestiary,2018-05-08,Blacksmith's Whetstone,Chaos Orb,0.03323,10
Bestiary,2018-05-09,Blacksmith's Whetstone,Chaos Orb,0.03333,10
Bestiary,2018-05-10,Blacksmith's Whetstone,Chaos Orb,0.03328,10
Bestiary,2018-05-11,Blacksmith's Whetstone,Chaos Orb,0.03333,10
Bestiary,2018-05-12,Blacksmith's Whetstone,Chaos Orb,0.03333,10
Bestiary,2018-05-13,Blacksmith's Whetstone,Chaos Orb,0.03333,10
Bestiary,2018-05-14,Blacksmith's Whetstone,Chaos Orb,0.03333,10
Bestiary,2018-05-15,Blacksmith's Whetstone,Chaos Orb,0.03333,10
Bestiary,2018-05-16,Blacksmith's Whetstone,Chaos Orb,0.03333,10
Bestiary,2018-05-17,Blacksmith's Whetstone,Chaos Orb,0.03333,10
Bestiary,2018-05-18,Blacksmith's Whetstone,Chaos Orb,0.03333,10
Bestiary,2018-05-19,Blacksmith's Whetstone,Chaos Orb,0.03592,10
Bestiary,2018-05-20,Blacksmith's Whetstone,Chaos Orb,0.03741,10
Bestiary,2018-05-21,Blacksmith's Whetstone,Chaos Orb,0.0374,10
Bestiary,2018-05-22,Blacksmith's Whetstone,Chaos Orb,0.0383,10
Bestiary,2018-05-23,Blacksmith's Whetstone,Chaos Orb,0.03862,10
Bestiary,2018-05-24,Blacksmith's Whetstone,Chaos Orb,0.04198,10
Bestiary,2018-05-25,Blacksmith's Whetstone,Chaos Orb,0.04031,10
Bestiary,2018-05-26,Blacksmith's Whetstone,Chaos Orb,0.03704,10
Bestiary,2018-05-27,Blacksmith's Whetstone,Chaos Orb,0.03755,10
Bestiary,2018-05-28,Blacksmith's Whetstone,Chaos Orb,0.03785,10
Bestiary,2018-03-02,Orb of Regret,Chaos Orb,1,7
Bestiary,2018-03-03,Orb of Regret,Chaos Orb,0.58623,7
Bestiary,2018-03-04,Orb of Regret,Chaos Orb,0.73001,7
Bestiary,2018-03-05,Orb of Regret,Chaos Orb,0.95989,7
Bestiary,2018-03-06,Orb of Regret,Chaos Orb,0.98599,7
Bestiary,2018-03-07,Orb of Regret,Chaos Orb,0.98838,7
Bestiary,2018-03-08,Orb of Regret,Chaos Orb,0.97807,7
Bestiary,2018-03-09,Orb of Regret,Chaos Orb,0.98221,7
Bestiary,2018-03-10,Orb of Regret,Chaos Orb,0.97781,7
Bestiary,2018-03-11,Orb of Regret,Chaos Orb,0.99164,7
Bestiary,2018-03-12,Orb of Regret,Chaos Orb,0.94212,7
Bestiary,2018-03-13,Orb of Regret,Chaos Orb,0.90433,7
Bestiary,2018-03-14,Orb of Regret,Chaos Orb,0.90701,7
Bestiary,2018-03-15,Orb of Regret,Chaos Orb,0.89602,7
Bestiary,2018-03-16,Orb of Regret,Chaos Orb,0.89164,7
Bestiary,2018-03-17,Orb of Regret,Chaos Orb,0.85611,7
Bestiary,2018-03-18,Orb of Regret,Chaos Orb,0.83246,7
Bestiary,2018-03-19,Orb of Regret,Chaos Orb,0.80386,7
Bestiary,2018-03-20,Orb of Regret,Chaos Orb,0.8113,7
Bestiary,2018-03-21,Orb of Regret,Chaos Orb,0.78954,7
Bestiary,2018-03-22,Orb of Regret,Chaos Orb,0.77271,7
Bestiary,2018-03-23,Orb of Regret,Chaos Orb,0.77378,7
Bestiary,2018-03-24,Orb of Regret,Chaos Orb,0.77032,7
Bestiary,2018-03-25,Orb of Regret,Chaos Orb,0.76758,7
Bestiary,2018-03-26,Orb of Regret,Chaos Orb,0.76768,7
Bestiary,2018-03-27,Orb of Regret,Chaos Orb,0.76858,7
Bestiary,2018-03-28,Orb of Regret,Chaos Orb,0.78565,7
Bestiary,2018-03-29,Orb of Regret,Chaos Orb,0.87082,7
Bestiary,2018-03-30,Orb of Regret,Chaos Orb,0.86485,7
Bestiary,2018-03-31,Orb of Regret,Chaos Orb,0.83337,7
Bestiary,2018-04-01,Orb of Regret,Chaos Orb,0.82976,7
Bestiary,2018-04-02,Orb of Regret,Chaos Orb,0.87269,7
Bestiary,2018-04-03,Orb of Regret,Chaos Orb,0.88298,7
Bestiary,2018-04-04,Orb of Regret,Chaos Orb,0.86438,7
Bestiary,2018-04-05,Orb of Regret,Chaos Orb,0.86939,7
Bestiary,2018-04-06,Orb of Regret,Chaos Orb,0.88424,7
Bestiary,2018-04-07,Orb of Regret,Chaos Orb,0.86825,7
Bestiary,2018-04-08,Orb of Regret,Chaos Orb,0.85129,7
Bestiary,2018-04-09,Orb of Regret,Chaos Orb,0.87577,7
Bestiary,2018-04-10,Orb of Regret,Chaos Orb,0.84905,7
Bestiary,2018-04-11,Orb of Regret,Chaos Orb,0.88215,7
Bestiary,2018-04-12,Orb of Regret,Chaos Orb,0.88898,7
Bestiary,2018-04-13,Orb of Regret,Chaos Orb,0.89813,7
Bestiary,2018-04-14,Orb of Regret,Chaos Orb,0.87624,7
Bestiary,2018-04-15,Orb of Regret,Chaos Orb,0.86634,7
Bestiary,2018-04-16,Orb of Regret,Chaos Orb,0.83536,7
Bestiary,2018-04-17,Orb of Regret,Chaos Orb,0.83423,7
Bestiary,2018-04-18,Orb of Regret,Chaos Orb,0.83224,7
Bestiary,2018-04-19,Orb of Regret,Chaos Orb,0.83444,7
Bestiary,2018-04-20,Orb of Regret,Chaos Orb,0.8469,7
Bestiary,2018-04-21,Orb of Regret,Chaos Orb,0.85063,7
Bestiary,2018-04-22,Orb of Regret,Chaos Orb,0.85488,7
Bestiary,2018-04-23,Orb of Regret,Chaos Orb,0.89954,7
Bestiary,2018-04-24,Orb of Regret,Chaos Orb,0.91462,7
Bestiary,2018-04-25,Orb of Regret,Chaos Orb,0.93209,7
Bestiary,2018-04-26,Orb of Regret,Chaos Orb,0.89342,7
Bestiary,2018-04-27,Orb of Regret,Chaos Orb,0.91774,7
Bestiary,2018-04-28,Orb of Regret,Chaos Orb,0.90909,7
Bestiary,2018-04-29,Orb of Regret,Chaos Orb,0.90909,7
Bestiary,2018-04-30,Orb of Regret,Chaos Orb,0.90909,7
Bestiary,2018-05-01,Orb of Regret,Chaos Orb,0.90909,7
Bestiary,2018-05-02,Orb of Regret,Chaos Orb,0.90909,7
Bestiary,2018-05-03,Orb of Regret,Chaos Orb,0.90909,7
Bestiary,2018-05-04,Orb of Regret,Chaos Orb,0.90909,7
Bestiary,2018-05-05,Orb of Regret,Chaos Orb,0.90584,7
Bestiary,2018-05-06,Orb of Regret,Chaos Orb,0.84125,7
Bestiary,2018-05-07,Orb of Regret,Chaos Orb,0.83333,7
Bestiary,2018-05-08,Orb of Regret,Chaos Orb,0.83333,7
Bestiary,2018-05-09,Orb of Regret,Chaos Orb,0.83048,7
Bestiary,2018-05-10,Orb of Regret,Chaos Orb,0.8,7
Bestiary,2018-05-11,Orb of Regret,Chaos Orb,0.82879,7
Bestiary,2018-05-12,Orb of Regret,Chaos Orb,0.83333,7
Bestiary,2018-05-13,Orb of Regret,Chaos Orb,0.83377,7
Bestiary,2018-05-14,Orb of Regret,Chaos Orb,0.8694,7
Bestiary,2018-05-15,Orb of Regret,Chaos Orb,0.90796,7
Bestiary,2018-05-16,Orb of Regret,Chaos Orb,0.90909,7
Bestiary,2018-05-17,Orb of Regret,Chaos Orb,0.89144,7
Bestiary,2018-05-18,Orb of Regret,Chaos Orb,0.87528,7
Bestiary,2018-05-19,Orb of Regret,Chaos Orb,0.96088,7
Bestiary,2018-05-20,Orb of Regret,Chaos Orb,0.97593,7
Bestiary,2018-05-21,Orb of Regret,Chaos Orb,0.97583,7
Bestiary,2018-05-22,Orb of Regret,Chaos Orb,0.99171,7
Bestiary,2018-05-23,Orb of Regret,Chaos Orb,1,7
Bestiary,2018-05-24,Orb of Regret,Chaos Orb,0.97855,7
Bestiary,2018-05-25,Orb of Regret,Chaos Orb,0.99375,7
Bestiary,2018-05-26,Orb of Regret,Chaos Orb,0.9953,7
Bestiary,2018-05-27,Orb of Regret,Chaos Orb,1,7
Bestiary,2018-05-28,Orb of Regret,Chaos Orb,1,7
Bestiary,2018-03-02,Orb of Scouring,Chaos Orb,0.75714,8
Bestiary,2018-03-03,Orb of Scouring,Chaos Orb,0.30976,8
Bestiary,2018-03-04,Orb of Scouring,Chaos Orb,0.33117,8
Bestiary,2018-03-05,Orb of Scouring,Chaos Orb,0.47069,8
Bestiary,2018-03-06,Orb of Scouring,Chaos Orb,0.49143,8
Bestiary,2018-03-07,Orb of Scouring,Chaos Orb,0.49641,8
Bestiary,2018-03-08,Orb of Scouring,Chaos Orb,0.49702,8
Bestiary,2018-03-09,Orb of Scouring,Chaos Orb,0.49959,8
Bestiary,2018-03-10,Orb of Scouring,Chaos Orb,0.49955,8
Bestiary,2018-03-11,Orb of Scouring,Chaos Orb,0.5,8
Bestiary,2018-03-12,Orb of Scouring,Chaos Orb,0.5,8
Bestiary,2018-03-13,Orb of Scouring,Chaos Orb,0.48896,8
Bestiary,2018-03-14,Orb of Scouring,Chaos Orb,0.49918,8
Bestiary,2018-03-15,Orb of Scouring,Chaos Orb,0.5,8
Bestiary,2018-03-16,Orb of Scouring,Chaos Orb,0.49671,8
Bestiary,2018-03-17,Orb of Scouring,Chaos Orb,0.49227,8
Bestiary,2018-03-18,Orb of Scouring,Chaos Orb,0.46136,8
Bestiary,2018-03-19,Orb of Scouring,Chaos Orb,0.44433,8
Bestiary,2018-03-20,Orb of Scouring,Chaos Orb,0.43484,8
Bestiary,2018-03-21,Orb of Scouring,Chaos Orb,0.43174,8
Bestiary,2018-03-22,Orb of Scouring,Chaos Orb,0.43386,8
Bestiary,2018-03-23,Orb of Scouring,Chaos Orb,0.4199,8
Bestiary,2018-03-24,Orb of Scouring,Chaos Orb,0.41604,8
Bestiary,2018-03-25,Orb of Scouring,Chaos Orb,0.41646,8
Bestiary,2018-03-26,Orb of Scouring,Chaos Orb,0.41525,8
Bestiary,2018-03-27,Orb of Scouring,Chaos Orb,0.4181,8
Bestiary,2018-03-28,Orb of Scouring,Chaos Orb,0.43259,8
Bestiary,2018-03-29,Orb of Scouring,Chaos Orb,0.44301,8
Bestiary,2018-03-30,Orb of Scouring,Chaos Orb,0.431,8
Bestiary,2018-03-31,Orb of Scouring,Chaos Orb,0.42574,8
Bestiary,2018-04-01,Orb of Scouring,Chaos Orb,0.42648,8
Bestiary,2018-04-02,Orb of Scouring,Chaos Orb,0.4345,8
Bestiary,2018-04-03,Orb of Scouring,Chaos Orb,0.44011,8
Bestiary,2018-04-04,Orb of Scouring,Chaos Orb,0.44385,8
Bestiary,2018-04-05,Orb of Scouring,Chaos Orb,0.44779,8
Bestiary,2018-04-06,Orb of Scouring,Chaos Orb,0.46203,8
Bestiary,2018-04-07,Orb of Scouring,Chaos Orb,0.45872,8
Bestiary,2018-04-08,Orb of Scouring,Chaos Orb,0.44972,8
Bestiary,2018-04-09,Orb of Scouring,Chaos Orb,0.45358,8
Bestiary,2018-04-10,Orb of Scouring,Chaos Orb,0.45455,8
Bestiary,2018-04-11,Orb of Scouring,Chaos Orb,0.46788,8
Bestiary,2018-04-12,Orb of Scouring,Chaos Orb,0.47998,8
Bestiary,2018-04-13,Orb of Scouring,Chaos Orb,0.48049,8
Bestiary,2018-04-14,Orb of Scouring,Chaos Orb,0.47737,8
Bestiary,2018-04-15,Orb of Scouring,Chaos Orb,0.47484,8
Bestiary,2018-04-16,Orb of Scouring,Chaos Orb,0.47574,8
Bestiary,2018-04-17,Orb of Scouring,Chaos Orb,0.47619,8
Bestiary,2018-04-18,Orb of Scouring,Chaos Orb,0.47391,8
Bestiary,2018-04-19,Orb of Scouring,Chaos Orb,0.47546,8
Bestiary,2018-04-20,Orb of Scouring,Chaos Orb,0.47594,8
Bestiary,2018-04-21,Orb of Scouring,Chaos Orb,0.47039,8
Bestiary,2018-04-22,Orb of Scouring,Chaos Orb,0.45304,8
Bestiary,2018-04-23,Orb of Scouring,Chaos Orb,0.46057,8
Bestiary,2018-04-24,Orb of Scouring,Chaos Orb,0.45291,8
Bestiary,2018-04-25,Orb of Scouring,Chaos Orb,0.45739,8
Bestiary,2018-04-26,Orb of Scouring,Chaos Orb,0.46196,8
Bestiary,2018-04-27,Orb of Scouring,Chaos Orb,0.46131,8
Bestiary,2018-04-28,Orb of Scouring,Chaos Orb,0.45455,8
Bestiary,2018-04-29,Orb of Scouring,Chaos Orb,0.45455,8
Bestiary,2018-04-30,Orb of Scouring,Chaos Orb,0.46595,8
Bestiary,2018-05-01,Orb of Scouring,Chaos Orb,0.47619,8
Bestiary,2018-05-02,Orb of Scouring,Chaos Orb,0.48589,8
Bestiary,2018-05-03,Orb of Scouring,Chaos Orb,0.49801,8
Bestiary,2018-05-04,Orb of Scouring,Chaos Orb,0.5,8
Bestiary,2018-05-05,Orb of Scouring,Chaos Orb,0.5,8
Bestiary,2018-05-06,Orb of Scouring,Chaos Orb,0.48781,8
Bestiary,2018-05-07,Orb of Scouring,Chaos Orb,0.47972,8
Bestiary,2018-05-08,Orb of Scouring,Chaos Orb,0.47619,8
Bestiary,2018-05-09,Orb of Scouring,Chaos Orb,0.47619,8
Bestiary,2018-05-10,Orb of Scouring,Chaos Orb,0.43478,8
Bestiary,2018-05-11,Orb of Scouring,Chaos Orb,0.45455,8
Bestiary,2018-05-12,Orb of Scouring,Chaos Orb,0.4576,8
Bestiary,2018-05-13,Orb of Scouring,Chaos Orb,0.47427,8
Bestiary,2018-05-14,Orb of Scouring,Chaos Orb,0.48475,8
Bestiary,2018-05-15,Orb of Scouring,Chaos Orb,0.49323,8
Bestiary,2018-05-16,Orb of Scouring,Chaos Orb,0.49551,8
Bestiary,2018-05-17,Orb of Scouring,Chaos Orb,0.5,8
Bestiary,2018-05-18,Orb of Scouring,Chaos Orb,0.5,8
Bestiary,2018-05-19,Orb of Scouring,Chaos Orb,0.5,8
Bestiary,2018-05-20,Orb of Scouring,Chaos Orb,0.5,8
Bestiary,2018-05-21,Orb of Scouring,Chaos Orb,0.5,8
Bestiary,2018-05-22,Orb of Scouring,Chaos Orb,0.5,8
Bestiary,2018-05-23,Orb of Scouring,Chaos Orb,0.5,8
Bestiary,2018-05-24,Orb of Scouring,Chaos Orb,0.584,8
Bestiary,2018-05-25,Orb of Scouring,Chaos Orb,0.58582,8
Bestiary,2018-05-26,Orb of Scouring,Chaos Orb,0.55541,8
Bestiary,2018-05-27,Orb of Scouring,Chaos Orb,0.5904,8
Bestiary,2018-05-28,Orb of Scouring,Chaos Orb,0.64034,8
Bestiary,2018-03-02,Orb of Alchemy,Chaos Orb,0.63322,5
Bestiary,2018-03-03,Orb of Alchemy,Chaos Orb,0.20555,5
Bestiary,2018-03-04,Orb of Alchemy,Chaos Orb,0.23866,5
Bestiary,2018-03-05,Orb of Alchemy,Chaos Orb,0.32555,5
Bestiary,2018-03-06,Orb of Alchemy,Chaos Orb,0.38451,5
Bestiary,2018-03-07,Orb of Alchemy,Chaos Orb,0.42935,5
Bestiary,2018-03-08,Orb of Alchemy,Chaos Orb,0.47743,5
Bestiary,2018-03-09,Orb of Alchemy,Chaos Orb,0.50693,5
Bestiary,2018-03-10,Orb of Alchemy,Chaos Orb,0.53785,5
Bestiary,2018-03-11,Orb of Alchemy,Chaos Orb,0.55809,5
Bestiary,2018-03-12,Orb of Alchemy,Chaos Orb,0.55742,5
Bestiary,2018-03-13,Orb of Alchemy,Chaos Orb,0.56922,5
Bestiary,2018-03-14,Orb of Alchemy,Chaos Orb,0.59691,5
Bestiary,2018-03-15,Orb of Alchemy,Chaos Orb,0.63233,5
Bestiary,2018-03-16,Orb of Alchemy,Chaos Orb,0.63329,5
Bestiary,2018-03-17,Orb of Alchemy,Chaos Orb,0.62528,5
Bestiary,2018-03-18,Orb of Alchemy,Chaos Orb,0.61572,5
Bestiary,2018-03-19,Orb of Alchemy,Chaos Orb,0.5818,5
Bestiary,2018-03-20,Orb of Alchemy,Chaos Orb,0.56371,5
Bestiary,2018-03-21,Orb of Alchemy,Chaos Orb,0.55687,5
Bestiary,2018-03-22,Orb of Alchemy,Chaos Orb,0.55556,5
Bestiary,2018-03-23,Orb of Alchemy,Chaos Orb,0.55909,5
Bestiary,2018-03-24,Orb of Alchemy,Chaos Orb,0.54483,5
Bestiary,2018-03-25,Orb of Alchemy,Chaos Orb,0.50041,5
Bestiary,2018-03-26,Orb of Alchemy,Chaos Orb,0.46622,5
Bestiary,2018-03-27,Orb of Alchemy,Chaos Orb,0.42355,5
Bestiary,2018-03-28,Orb of Alchemy,Chaos Orb,0.41566,5
Bestiary,2018-03-29,Orb of Alchemy,Chaos Orb,0.41389,5
Bestiary,2018-03-30,Orb of Alchemy,Chaos Orb,0.41187,5
Bestiary,2018-03-31,Orb of Alchemy,Chaos Orb,0.4114,5
Bestiary,2018-04-01,Orb of Alchemy,Chaos Orb,0.40633,5
Bestiary,2018-04-02,Orb of Alchemy,Chaos Orb,0.40794,5
Bestiary,2018-04-03,Orb of Alchemy,Chaos Orb,0.40919,5
Bestiary,2018-04-04,Orb of Alchemy,Chaos Orb,0.41117,5
Bestiary,2018-04-05,Orb of Alchemy,Chaos Orb,0.41208,5
Bestiary,2018-04-06,Orb of Alchemy,Chaos Orb,0.41146,5
Bestiary,2018-04-07,Orb of Alchemy,Chaos Orb,0.41638,5
Bestiary,2018-04-08,Orb of Alchemy,Chaos Orb,0.41667,5
Bestiary,2018-04-09,Orb of Alchemy,Chaos Orb,0.41667,5
Bestiary,2018-04-10,Orb of Alchemy,Chaos Orb,0.41667,5
Bestiary,2018-04-11,Orb of Alchemy,Chaos Orb,0.43761,5
Bestiary,2018-04-12,Orb of Alchemy,Chaos Orb,0.45655,5
Bestiary,2018-04-13,Orb of Alchemy,Chaos Orb,0.47083,5
Bestiary,2018-04-14,Orb of Alchemy,Chaos Orb,0.47542,5
Bestiary,2018-04-15,Orb of Alchemy,Chaos Orb,0.47569,5
Bestiary,2018-04-16,Orb of Alchemy,Chaos Orb,0.47536,5
Bestiary,2018-04-17,Orb of Alchemy,Chaos Orb,0.47613,5
Bestiary,2018-04-18,Orb of Alchemy,Chaos Orb,0.47611,5
Bestiary,2018-04-19,Orb of Alchemy,Chaos Orb,0.47627,5
Bestiary,2018-04-20,Orb of Alchemy,Chaos Orb,0.48695,5
Bestiary,2018-04-21,Orb of Alchemy,Chaos Orb,0.4899,5
Bestiary,2018-04-22,Orb of Alchemy,Chaos Orb,0.48879,5
Bestiary,2018-04-23,Orb of Alchemy,Chaos Orb,0.47988,5
Bestiary,2018-04-24,Orb of Alchemy,Chaos Orb,0.47936,5
Bestiary,2018-04-25,Orb of Alchemy,Chaos Orb,0.47871,5
Bestiary,2018-04-26,Orb of Alchemy,Chaos Orb,0.4821,5
Bestiary,2018-04-27,Orb of Alchemy,Chaos Orb,0.49413,5
Bestiary,2018-04-28,Orb of Alchemy,Chaos Orb,0.48862,5
Bestiary,2018-04-29,Orb of Alchemy,Chaos Orb,0.48807,5
Bestiary,2018-04-30,Orb of Alchemy,Chaos Orb,0.49611,5
Bestiary,2018-05-01,Orb of Alchemy,Chaos Orb,0.49759,5
Bestiary,2018-05-02,Orb of Alchemy,Chaos Orb,0.49381,5
Bestiary,2018-05-03,Orb of Alchemy,Chaos Orb,0.47619,5
Bestiary,2018-05-04,Orb of Alchemy,Chaos Orb,0.45455,5
Bestiary,2018-05-05,Orb of Alchemy,Chaos Orb,0.45455,5
Bestiary,2018-05-06,Orb of Alchemy,Chaos Orb,0.45455,5
Bestiary,2018-05-07,Orb of Alchemy,Chaos Orb,0.44502,5
Bestiary,2018-05-08,Orb of Alchemy,Chaos Orb,0.43478,5
Bestiary,2018-05-09,Orb of Alchemy,Chaos Orb,0.41673,5
Bestiary,2018-05-10,Orb of Alchemy,Chaos Orb,0.38462,5
Bestiary,2018-05-11,Orb of Alchemy,Chaos Orb,0.38442,5
Bestiary,2018-05-12,Orb of Alchemy,Chaos Orb,0.39642,5
Bestiary,2018-05-13,Orb of Alchemy,Chaos Orb,0.41547,5
Bestiary,2018-05-14,Orb of Alchemy,Chaos Orb,0.4126,5
Bestiary,2018-05-15,Orb of Alchemy,Chaos Orb,0.41535,5
Bestiary,2018-05-16,Orb of Alchemy,Chaos Orb,0.43478,5
Bestiary,2018-05-17,Orb of Alchemy,Chaos Orb,0.44613,5
Bestiary,2018-05-18,Orb of Alchemy,Chaos Orb,0.46387,5
Bestiary,2018-05-19,Orb of Alchemy,Chaos Orb,0.45549,5
Bestiary,2018-05-20,Orb of Alchemy,Chaos Orb,0.47619,5
Bestiary,2018-05-21,Orb of Alchemy,Chaos Orb,0.47619,5
Bestiary,2018-05-22,Orb of Alchemy,Chaos Orb,0.47619,5
Bestiary,2018-05-23,Orb of Alchemy,Chaos Orb,0.47619,5
Bestiary,2018-05-24,Orb of Alchemy,Chaos Orb,0.45796,5
Bestiary,2018-05-25,Orb of Alchemy,Chaos Orb,0.44987,5
Bestiary,2018-05-26,Orb of Alchemy,Chaos Orb,0.44444,5
Bestiary,2018-05-27,Orb of Alchemy,Chaos Orb,0.44283,5
Bestiary,2018-05-28,Orb of Alchemy,Chaos Orb,0.42167,5
Bestiary,2018-03-02,Silver Coin,Chaos Orb,0.83333,4
Bestiary,2018-03-03,Silver Coin,Chaos Orb,0.16038,4
Bestiary,2018-03-04,Silver Coin,Chaos Orb,0.18912,4
Bestiary,2018-03-05,Silver Coin,Chaos Orb,0.2337,4
Bestiary,2018-03-06,Silver Coin,Chaos Orb,0.25029,4
Bestiary,2018-03-07,Silver Coin,Chaos Orb,0.24657,4
Bestiary,2018-03-08,Silver Coin,Chaos Orb,0.24722,4
Bestiary,2018-03-09,Silver Coin,Chaos Orb,0.24503,4
Bestiary,2018-03-10,Silver Coin,Chaos Orb,0.24697,4
Bestiary,2018-03-11,Silver Coin,Chaos Orb,0.24986,4
Bestiary,2018-03-12,Silver Coin,Chaos Orb,0.24919,4
Bestiary,2018-03-13,Silver Coin,Chaos Orb,0.23926,4
Bestiary,2018-03-14,Silver Coin,Chaos Orb,0.22568,4
Bestiary,2018-03-15,Silver Coin,Chaos Orb,0.21376,4
Bestiary,2018-03-16,Silver Coin,Chaos Orb,0.21221,4
Bestiary,2018-03-17,Silver Coin,Chaos Orb,0.21596,4
Bestiary,2018-03-18,Silver Coin,Chaos Orb,0.21085,4
Bestiary,2018-03-19,Silver Coin,Chaos Orb,0.21322,4
Bestiary,2018-03-20,Silver Coin,Chaos Orb,0.20986,4
Bestiary,2018-03-21,Silver Coin,Chaos Orb,0.20996,4
Bestiary,2018-03-22,Silver Coin,Chaos Orb,0.20442,4
Bestiary,2018-03-23,Silver Coin,Chaos Orb,0.20352,4
Bestiary,2018-03-24,Silver Coin,Chaos Orb,0.19894,4
Bestiary,2018-03-25,Silver Coin,Chaos Orb,0.19834,4
Bestiary,2018-03-26,Silver Coin,Chaos Orb,0.19815,4
Bestiary,2018-03-27,Silver Coin,Chaos Orb,0.19502,4
Bestiary,2018-03-28,Silver Coin,Chaos Orb,0.19998,4
Bestiary,2018-03-29,Silver Coin,Chaos Orb,0.20622,4
Bestiary,2018-03-30,Silver Coin,Chaos Orb,0.20799,4
Bestiary,2018-03-31,Silver Coin,Chaos Orb,0.21002,4
Bestiary,2018-04-01,Silver Coin,Chaos Orb,0.20889,4
Bestiary,2018-04-02,Silver Coin,Chaos Orb,0.22123,4
Bestiary,2018-04-03,Silver Coin,Chaos Orb,0.22313,4
Bestiary,2018-04-04,Silver Coin,Chaos Orb,0.21919,4
Bestiary,2018-04-05,Silver Coin,Chaos Orb,0.21858,4
Bestiary,2018-04-06,Silver Coin,Chaos Orb,0.21919,4
Bestiary,2018-04-07,Silver Coin,Chaos Orb,0.21928,4
Bestiary,2018-04-08,Silver Coin,Chaos Orb,0.2192,4
Bestiary,2018-04-09,Silver Coin,Chaos Orb,0.22394,4
Bestiary,2018-04-10,Silver Coin,Chaos Orb,0.22727,4
Bestiary,2018-04-11,Silver Coin,Chaos Orb,0.22302,4
Bestiary,2018-04-12,Silver Coin,Chaos Orb,0.22068,4
Bestiary,2018-04-13,Silver Coin,Chaos Orb,0.22221,4
Bestiary,2018-04-14,Silver Coin,Chaos Orb,0.22492,4
Bestiary,2018-04-15,Silver Coin,Chaos Orb,0.22639,4
Bestiary,2018-04-16,Silver Coin,Chaos Orb,0.22449,4
Bestiary,2018-04-17,Silver Coin,Chaos Orb,0.22594,4
Bestiary,2018-04-18,Silver Coin,Chaos Orb,0.23012,4
Bestiary,2018-04-19,Silver Coin,Chaos Orb,0.23125,4
Bestiary,2018-04-20,Silver Coin,Chaos Orb,0.22948,4
Bestiary,2018-04-21,Silver Coin,Chaos Orb,0.22551,4
Bestiary,2018-04-22,Silver Coin,Chaos Orb,0.21922,4
Bestiary,2018-04-23,Silver Coin,Chaos Orb,0.21625,4
Bestiary,2018-04-24,Silver Coin,Chaos Orb,0.21335,4
Bestiary,2018-04-25,Silver Coin,Chaos Orb,0.21738,4
Bestiary,2018-04-26,Silver Coin,Chaos Orb,0.21835,4
Bestiary,2018-04-27,Silver Coin,Chaos Orb,0.21524,4
Bestiary,2018-04-28,Silver Coin,Chaos Orb,0.21277,4
Bestiary,2018-04-29,Silver Coin,Chaos Orb,0.20965,4
Bestiary,2018-04-30,Silver Coin,Chaos Orb,0.20833,4
Bestiary,2018-05-01,Silver Coin,Chaos Orb,0.20833,4
Bestiary,2018-05-02,Silver Coin,Chaos Orb,0.2119,4
Bestiary,2018-05-03,Silver Coin,Chaos Orb,0.21247,4
Bestiary,2018-05-04,Silver Coin,Chaos Orb,0.21193,4
Bestiary,2018-05-05,Silver Coin,Chaos Orb,0.21156,4
Bestiary,2018-05-06,Silver Coin,Chaos Orb,0.2,4
Bestiary,2018-05-07,Silver Coin,Chaos Orb,0.2,4
Bestiary,2018-05-08,Silver Coin,Chaos Orb,0.2,4
Bestiary,2018-05-09,Silver Coin,Chaos Orb,0.20069,4
Bestiary,2018-05-10,Silver Coin,Chaos Orb,0.19952,4
Bestiary,2018-05-11,Silver Coin,Chaos Orb,0.2012,4
Bestiary,2018-05-12,Silver Coin,Chaos Orb,0.20244,4
Bestiary,2018-05-13,Silver Coin,Chaos Orb,0.2,4
Bestiary,2018-05-14,Silver Coin,Chaos Orb,0.2,4
Bestiary,2018-05-15,Silver Coin,Chaos Orb,0.2,4
Bestiary,2018-05-16,Silver Coin,Chaos Orb,0.19997,4
Bestiary,2018-05-17,Silver Coin,Chaos Orb,0.19698,4
Bestiary,2018-05-18,Silver Coin,Chaos Orb,0.2,4
Bestiary,2018-05-19,Silver Coin,Chaos Orb,0.2,4
Bestiary,2018-05-20,Silver Coin,Chaos Orb,0.2,4
Bestiary,2018-05-21,Silver Coin,Chaos Orb,0.2,4
Bestiary,2018-05-22,Silver Coin,Chaos Orb,0.2,4
Bestiary,2018-05-23,Silver Coin,Chaos Orb,0.2,4
Bestiary,2018-05-24,Silver Coin,Chaos Orb,0.2,4
Bestiary,2018-05-25,Silver Coin,Chaos Orb,0.2,4
Bestiary,2018-05-26,Silver Coin,Chaos Orb,0.2,4
Bestiary,2018-05-27,Silver Coin,Chaos Orb,0.2,4
Bestiary,2018-05-28,Silver Coin,Chaos Orb,0.2,4
Bestiary,2018-03-02,Orb of Chance,Chaos Orb,0.62333,3
Bestiary,2018-03-03,Orb of Chance,Chaos Orb,0.12229,3
Bestiary,2018-03-04,Orb of Chance,Chaos Orb,0.13876,3
Bestiary,2018-03-05,Orb of Chance,Chaos Orb,0.14999,3
Bestiary,2018-03-06,Orb of Chance,Chaos Orb,0.14808,3
Bestiary,2018-03-07,Orb of Chance,Chaos Orb,0.14149,3
Bestiary,2018-03-08,Orb of Chance,Chaos Orb,0.13885,3
Bestiary,2018-03-09,Orb of Chance,Chaos Orb,0.13861,3
Bestiary,2018-03-10,Orb of Chance,Chaos Orb,0.13816,3
Bestiary,2018-03-11,Orb of Chance,Chaos Orb,0.13844,3
Bestiary,2018-03-12,Orb of Chance,Chaos Orb,0.13807,3
Bestiary,2018-03-13,Orb of Chance,Chaos Orb,0.13639,3
Bestiary,2018-03-14,Orb of Chance,Chaos Orb,0.13859,3
Bestiary,2018-03-15,Orb of Chance,Chaos Orb,0.13953,3
Bestiary,2018-03-16,Orb of Chance,Chaos Orb,0.14235,3
Bestiary,2018-03-17,Orb of Chance,Chaos Orb,0.14459,3
Bestiary,2018-03-18,Orb of Chance,Chaos Orb,0.1395,3
Bestiary,2018-03-19,Orb of Chance,Chaos Orb,0.13682,3
Bestiary,2018-03-20,Orb of Chance,Chaos Orb,0.12893,3
Bestiary,2018-03-21,Orb of Chance,Chaos Orb,0.12324,3
Bestiary,2018-03-22,Orb of Chance,Chaos Orb,0.1181,3
Bestiary,2018-03-23,Orb of Chance,Chaos Orb,0.11253,3
Bestiary,2018-03-24,Orb of Chance,Chaos Orb,0.10966,3
Bestiary,2018-03-25,Orb of Chance,Chaos Orb,0.10899,3
Bestiary,2018-03-26,Orb of Chance,Chaos Orb,0.10783,3
Bestiary,2018-03-27,Orb of Chance,Chaos Orb,0.10709,3
Bestiary,2018-03-28,Orb of Chance,Chaos Orb,0.10764,3
Bestiary,2018-03-29,Orb of Chance,Chaos Orb,0.10793,3
Bestiary,2018-03-30,Orb of Chance,Chaos Orb,0.10712,3
Bestiary,2018-03-31,Orb of Chance,Chaos Orb,0.10596,3
Bestiary,2018-04-01,Orb of Chance,Chaos Orb,0.10506,3
Bestiary,2018-04-02,Orb of Chance,Chaos Orb,0.10526,3
Bestiary,2018-04-03,Orb of Chance,Chaos Orb,0.10453,3
Bestiary,2018-04-04,Orb of Chance,Chaos Orb,0.10503,3
Bestiary,2018-04-05,Orb of Chance,Chaos Orb,0.10526,3
Bestiary,2018-04-06,Orb of Chance,Chaos Orb,0.10609,3
Bestiary,2018-04-07,Orb of Chance,Chaos Orb,0.10757,3
Bestiary,2018-04-08,Orb of Chance,Chaos Orb,0.1103,3
Bestiary,2018-04-09,Orb of Chance,Chaos Orb,0.1108,3
Bestiary,2018-04-10,Orb of Chance,Chaos Orb,0.10955,3
Bestiary,2018-04-11,Orb of Chance,Chaos Orb,0.11094,3
Bestiary,2018-04-12,Orb of Chance,Chaos Orb,0.11139,3
Bestiary,2018-04-13,Orb of Chance,Chaos Orb,0.11422,3
Bestiary,2018-04-14,Orb of Chance,Chaos Orb,0.11359,3
Bestiary,2018-04-15,Orb of Chance,Chaos Orb,0.11233,3
Bestiary,2018-04-16,Orb of Chance,Chaos Orb,0.11331,3
Bestiary,2018-04-17,Orb of Chance,Chaos Orb,0.11108,3
Bestiary,2018-04-18,Orb of Chance,Chaos Orb,0.11111,3
Bestiary,2018-04-19,Orb of Chance,Chaos Orb,0.11105,3
Bestiary,2018-04-20,Orb of Chance,Chaos Orb,0.11223,3
Bestiary,2018-04-21,Orb of Chance,Chaos Orb,0.11384,3
Bestiary,2018-04-22,Orb of Chance,Chaos Orb,0.11158,3
Bestiary,2018-04-23,Orb of Chance,Chaos Orb,0.1111,3
Bestiary,2018-04-24,Orb of Chance,Chaos Orb,0.11071,3
Bestiary,2018-04-25,Orb of Chance,Chaos Orb,0.11109,3
Bestiary,2018-04-26,Orb of Chance,Chaos Orb,0.11111,3
Bestiary,2018-04-27,Orb of Chance,Chaos Orb,0.111,3
Bestiary,2018-04-28,Orb of Chance,Chaos Orb,0.11111,3
Bestiary,2018-04-29,Orb of Chance,Chaos Orb,0.11111,3
Bestiary,2018-04-30,Orb of Chance,Chaos Orb,0.11111,3
Bestiary,2018-05-01,Orb of Chance,Chaos Orb,0.11111,3
Bestiary,2018-05-02,Orb of Chance,Chaos Orb,0.11111,3
Bestiary,2018-05-03,Orb of Chance,Chaos Orb,0.11111,3
Bestiary,2018-05-04,Orb of Chance,Chaos Orb,0.11117,3
Bestiary,2018-05-05,Orb of Chance,Chaos Orb,0.11457,3
Bestiary,2018-05-06,Orb of Chance,Chaos Orb,0.11891,3
Bestiary,2018-05-07,Orb of Chance,Chaos Orb,0.11212,3
Bestiary,2018-05-08,Orb of Chance,Chaos Orb,0.11111,3
Bestiary,2018-05-09,Orb of Chance,Chaos Orb,0.10903,3
Bestiary,2018-05-10,Orb of Chance,Chaos Orb,0.10753,3
Bestiary,2018-05-11,Orb of Chance,Chaos Orb,0.10753,3
Bestiary,2018-05-12,Orb of Chance,Chaos Orb,0.10783,3
Bestiary,2018-05-13,Orb of Chance,Chaos Orb,0.11083,3
Bestiary,2018-05-14,Orb of Chance,Chaos Orb,0.10871,3
Bestiary,2018-05-15,Orb of Chance,Chaos Orb,0.11068,3
Bestiary,2018-05-16,Orb of Chance,Chaos Orb,0.11111,3
Bestiary,2018-05-17,Orb of Chance,Chaos Orb,0.11158,3
Bestiary,2018-05-18,Orb of Chance,Chaos Orb,0.11755,3
Bestiary,2018-05-19,Orb of Chance,Chaos Orb,0.11765,3
Bestiary,2018-05-20,Orb of Chance,Chaos Orb,0.12192,3
Bestiary,2018-05-21,Orb of Chance,Chaos Orb,0.125,3
Bestiary,2018-05-22,Orb of Chance,Chaos Orb,0.125,3
Bestiary,2018-05-23,Orb of Chance,Chaos Orb,0.125,3
Bestiary,2018-05-24,Orb of Chance,Chaos Orb,0.125,3
Bestiary,2018-05-25,Orb of Chance,Chaos Orb,0.13123,3
Bestiary,2018-05-26,Orb of Chance,Chaos Orb,0.13333,3
Bestiary,2018-05-27,Orb of Chance,Chaos Orb,0.14078,3
Bestiary,2018-05-28,Orb of Chance,Chaos Orb,0.13818,3
Bestiary,2018-03-02,Orb of Alteration,Chaos Orb,0.35177,9
Bestiary,2018-03-03,Orb of Alteration,Chaos Orb,0.03074,9
Bestiary,2018-03-04,Orb of Alteration,Chaos Orb,0.03647,9
Bestiary,2018-03-05,Orb of Alteration,Chaos Orb,0.05254,9
Bestiary,2018-03-06,Orb of Alteration,Chaos Orb,0.05728,9
Bestiary,2018-03-07,Orb of Alteration,Chaos Orb,0.05984,9
Bestiary,2018-03-08,Orb of Alteration,Chaos Orb,0.06107,9
Bestiary,2018-03-09,Orb of Alteration,Chaos Orb,0.06512,9
Bestiary,2018-03-10,Orb of Alteration,Chaos Orb,0.06805,9
Bestiary,2018-03-11,Orb of Alteration,Chaos Orb,0.07598,9
Bestiary,2018-03-12,Orb of Alteration,Chaos Orb,0.08803,9
Bestiary,2018-03-13,Orb of Alteration,Chaos Orb,0.09527,9
Bestiary,2018-03-14,Orb of Alteration,Chaos Orb,0.10247,9
Bestiary,2018-03-15,Orb of Alteration,Chaos Orb,0.10268,9
Bestiary,2018-03-16,Orb of Alteration,Chaos Orb,0.10319,9
Bestiary,2018-03-17,Orb of Alteration,Chaos Orb,0.10114,9
Bestiary,2018-03-18,Orb of Alteration,Chaos Orb,0.09751,9
Bestiary,2018-03-19,Orb of Alteration,Chaos Orb,0.098,9
Bestiary,2018-03-20,Orb of Alteration,Chaos Orb,0.09791,9
Bestiary,2018-03-21,Orb of Alteration,Chaos Orb,0.09899,9
Bestiary,2018-03-22,Orb of Alteration,Chaos Orb,0.09955,9
Bestiary,2018-03-23,Orb of Alteration,Chaos Orb,0.09965,9
Bestiary,2018-03-24,Orb of Alteration,Chaos Orb,0.09789,9
Bestiary,2018-03-25,Orb of Alteration,Chaos Orb,0.0972,9
Bestiary,2018-03-26,Orb of Alteration,Chaos Orb,0.09741,9
Bestiary,2018-03-27,Orb of Alteration,Chaos Orb,0.09672,9
Bestiary,2018-03-28,Orb of Alteration,Chaos Orb,0.09773,9
Bestiary,2018-03-29,Orb of Alteration,Chaos Orb,0.09807,9
Bestiary,2018-03-30,Orb of Alteration,Chaos Orb,0.09887,9
Bestiary,2018-03-31,Orb of Alteration,Chaos Orb,0.09895,9
Bestiary,2018-04-01,Orb of Alteration,Chaos Orb,0.0992,9
Bestiary,2018-04-02,Orb of Alteration,Chaos Orb,0.09961,9
Bestiary,2018-04-03,Orb of Alteration,Chaos Orb,0.09926,9
Bestiary,2018-04-04,Orb of Alteration,Chaos Orb,0.09962,9
Bestiary,2018-04-05,Orb of Alteration,Chaos Orb,0.10047,9
Bestiary,2018-04-06,Orb of Alteration,Chaos Orb,0.10089,9
Bestiary,2018-04-07,Orb of Alteration,Chaos Orb,0.10269,9
Bestiary,2018-04-08,Orb of Alteration,Chaos Orb,0.10555,9
Bestiary,2018-04-09,Orb of Alteration,Chaos Orb,0.10512,9
Bestiary,2018-04-10,Orb of Alteration,Chaos Orb,0.10472,9
Bestiary,2018-04-11,Orb of Alteration,Chaos Orb,0.10354,9
Bestiary,2018-04-12,Orb of Alteration,Chaos Orb,0.10456,9
Bestiary,2018-04-13,Orb of Alteration,Chaos Orb,0.10518,9
Bestiary,2018-04-14,Orb of Alteration,Chaos Orb,0.10521,9
Bestiary,2018-04-15,Orb of Alteration,Chaos Orb,0.10567,9
Bestiary,2018-04-16,Orb of Alteration,Chaos Orb,0.10561,9
Bestiary,2018-04-17,Orb of Alteration,Chaos Orb,0.10595,9
Bestiary,2018-04-18,Orb of Alteration,Chaos Orb,0.10579,9
Bestiary,2018-04-19,Orb of Alteration,Chaos Orb,0.10848,9
Bestiary,2018-04-20,Orb of Alteration,Chaos Orb,0.11016,9
Bestiary,2018-04-21,Orb of Alteration,Chaos Orb,0.11013,9
Bestiary,2018-04-22,Orb of Alteration,Chaos Orb,0.10955,9
Bestiary,2018-04-23,Orb of Alteration,Chaos Orb,0.10985,9
Bestiary,2018-04-24,Orb of Alteration,Chaos Orb,0.11022,9
Bestiary,2018-04-25,Orb of Alteration,Chaos Orb,0.1111,9
Bestiary,2018-04-26,Orb of Alteration,Chaos Orb,0.10946,9
Bestiary,2018-04-27,Orb of Alteration,Chaos Orb,0.10973,9
Bestiary,2018-04-28,Orb of Alteration,Chaos Orb,0.11111,9
Bestiary,2018-04-29,Orb of Alteration,Chaos Orb,0.11111,9
Bestiary,2018-04-30,Orb of Alteration,Chaos Orb,0.1087,9
Bestiary,2018-05-01,Orb of Alteration,Chaos Orb,0.1087,9
Bestiary,2018-05-02,Orb of Alteration,Chaos Orb,0.1087,9
Bestiary,2018-05-03,Orb of Alteration,Chaos Orb,0.10526,9
Bestiary,2018-05-04,Orb of Alteration,Chaos Orb,0.1086,9
Bestiary,2018-05-05,Orb of Alteration,Chaos Orb,0.10526,9
Bestiary,2018-05-06,Orb of Alteration,Chaos Orb,0.09971,9
Bestiary,2018-05-07,Orb of Alteration,Chaos Orb,0.09404,9
Bestiary,2018-05-08,Orb of Alteration,Chaos Orb,0.09042,9
Bestiary,2018-05-09,Orb of Alteration,Chaos Orb,0.08333,9
Bestiary,2018-05-10,Orb of Alteration,Chaos Orb,0.07953,9
Bestiary,2018-05-11,Orb of Alteration,Chaos Orb,0.08333,9
Bestiary,2018-05-12,Orb of Alteration,Chaos Orb,0.08333,9
Bestiary,2018-05-13,Orb of Alteration,Chaos Orb,0.09091,9
Bestiary,2018-05-14,Orb of Alteration,Chaos Orb,0.09284,9
Bestiary,2018-05-15,Orb of Alteration,Chaos Orb,0.09524,9
Bestiary,2018-05-16,Orb of Alteration,Chaos Orb,0.1,9
Bestiary,2018-05-17,Orb of Alteration,Chaos Orb,0.1,9
Bestiary,2018-05-18,Orb of Alteration,Chaos Orb,0.1095,9
Bestiary,2018-05-19,Orb of Alteration,Chaos Orb,0.10989,9
Bestiary,2018-05-20,Orb of Alteration,Chaos Orb,0.10989,9
Bestiary,2018-05-21,Orb of Alteration,Chaos Orb,0.11073,9
Bestiary,2018-05-22,Orb of Alteration,Chaos Orb,0.11111,9
Bestiary,2018-05-23,Orb of Alteration,Chaos Orb,0.11111,9
Bestiary,2018-05-24,Orb of Alteration,Chaos Orb,0.11111,9
Bestiary,2018-05-25,Orb of Alteration,Chaos Orb,0.11111,9
Bestiary,2018-05-26,Orb of Alteration,Chaos Orb,0.11111,9
Bestiary,2018-05-27,Orb of Alteration,Chaos Orb,0.12129,9
Bestiary,2018-05-28,Orb of Alteration,Chaos Orb,0.12439,9
Bestiary,2018-03-02,Orb of Annulment,Chaos Orb,11,1
Bestiary,2018-03-03,Orb of Annulment,Chaos Orb,3.18764,1
Bestiary,2018-03-04,Orb of Annulment,Chaos Orb,2.34934,1
Bestiary,2018-03-05,Orb of Annulment,Chaos Orb,3,1
Bestiary,2018-03-06,Orb of Annulment,Chaos Orb,3.9492,1
Bestiary,2018-03-07,Orb of Annulment,Chaos Orb,4,1
Bestiary,2018-03-08,Orb of Annulment,Chaos Orb,4.85861,1
Bestiary,2018-03-09,Orb of Annulment,Chaos Orb,4.89623,1
Bestiary,2018-03-10,Orb of Annulment,Chaos Orb,4.97803,1
Bestiary,2018-03-11,Orb of Annulment,Chaos Orb,5,1
Bestiary,2018-03-12,Orb of Annulment,Chaos Orb,5,1
Bestiary,2018-03-13,Orb of Annulment,Chaos Orb,5,1
Bestiary,2018-03-14,Orb of Annulment,Chaos Orb,6.28082,1
Bestiary,2018-03-15,Orb of Annulment,Chaos Orb,7.12545,1
Bestiary,2018-03-16,Orb of Annulment,Chaos Orb,6.98039,1
Bestiary,2018-03-17,Orb of Annulment,Chaos Orb,6.93571,1
Bestiary,2018-03-18,Orb of Annulment,Chaos Orb,6.83967,1
Bestiary,2018-03-19,Orb of Annulment,Chaos Orb,6.973,1
Bestiary,2018-03-20,Orb of Annulment,Chaos Orb,6.97765,1
Bestiary,2018-03-21,Orb of Annulment,Chaos Orb,6.98635,1
Bestiary,2018-03-22,Orb of Annulment,Chaos Orb,6.99515,1
Bestiary,2018-03-23,Orb of Annulment,Chaos Orb,7.04716,1
Bestiary,2018-03-24,Orb of Annulment,Chaos Orb,7.58538,1
Bestiary,2018-03-25,Orb of Annulment,Chaos Orb,7.88666,1
Bestiary,2018-03-26,Orb of Annulment,Chaos Orb,7.99712,1
Bestiary,2018-03-27,Orb of Annulment,Chaos Orb,8.75747,1
Bestiary,2018-03-28,Orb of Annulment,Chaos Orb,9.88163,1
Bestiary,2018-03-29,Orb of Annulment,Chaos Orb,10.0099,1
Bestiary,2018-03-30,Orb of Annulment,Chaos Orb,10.08075,1
Bestiary,2018-03-31,Orb of Annulment,Chaos Orb,10.56247,1
Bestiary,2018-04-01,Orb of Annulment,Chaos Orb,10.36547,1
Bestiary,2018-04-02,Orb of Annulment,Chaos Orb,10.15456,1
Bestiary,2018-04-03,Orb of Annulment,Chaos Orb,10.97247,1
Bestiary,2018-04-04,Orb of Annulment,Chaos Orb,10.97684,1
Bestiary,2018-04-05,Orb of Annulment,Chaos Orb,10.99006,1
Bestiary,2018-04-06,Orb of Annulment,Chaos Orb,11,1
Bestiary,2018-04-07,Orb of Annulment,Chaos Orb,11.32159,1
Bestiary,2018-04-08,Orb of Annulment,Chaos Orb,11.7248,1
Bestiary,2018-04-09,Orb of Annulment,Chaos Orb,11.67307,1
Bestiary,2018-04-10,Orb of Annulment,Chaos Orb,12,1
Bestiary,2018-04-11,Orb of Annulment,Chaos Orb,11.87664,1
Bestiary,2018-04-12,Orb of Annulment,Chaos Orb,11.9101,1
Bestiary,2018-04-13,Orb of Annulment,Chaos Orb,11.94515,1
Bestiary,2018-04-14,Orb of Annulment,Chaos Orb,11.92545,1
Bestiary,2018-04-15,Orb of Annulment,Chaos Orb,11.98522,1
Bestiary,2018-04-16,Orb of Annulment,Chaos Orb,11.99779,1
Bestiary,2018-04-17,Orb of Annulment,Chaos Orb,12.01511,1
Bestiary,2018-04-18,Orb of Annulment,Chaos Orb,12.29647,1
Bestiary,2018-04-19,Orb of Annulment,Chaos Orb,12.88516,1
Bestiary,2018-04-20,Orb of Annulment,Chaos Orb,12.94489,1
Bestiary,2018-04-21,Orb of Annulment,Chaos Orb,12.67387,1
Bestiary,2018-04-22,Orb of Annulment,Chaos Orb,12.67629,1
Bestiary,2018-04-23,Orb of Annulment,Chaos Orb,12.87343,1
Bestiary,2018-04-24,Orb of Annulment,Chaos Orb,13.0776,1
Bestiary,2018-04-25,Orb of Annulment,Chaos Orb,13.73999,1
Bestiary,2018-04-26,Orb of Annulment,Chaos Orb,12.92292,1
Bestiary,2018-04-27,Orb of Annulment,Chaos Orb,12.90661,1
Bestiary,2018-04-28,Orb of Annulment,Chaos Orb,14,1
Bestiary,2018-04-29,Orb of Annulment,Chaos Orb,14,1
Bestiary,2018-04-30,Orb of Annulment,Chaos Orb,14,1
Bestiary,2018-05-01,Orb of Annulment,Chaos Orb,14,1
Bestiary,2018-05-02,Orb of Annulment,Chaos Orb,15,1
Bestiary,2018-05-03,Orb of Annulment,Chaos Orb,15,1
Bestiary,2018-05-04,Orb of Annulment,Chaos Orb,15,1
Bestiary,2018-05-05,Orb of Annulment,Chaos Orb,15,1
Bestiary,2018-05-06,Orb of Annulment,Chaos Orb,15,1
Bestiary,2018-05-07,Orb of Annulment,Chaos Orb,14.75912,1
Bestiary,2018-05-08,Orb of Annulment,Chaos Orb,15,1
Bestiary,2018-05-09,Orb of Annulment,Chaos Orb,14,1
Bestiary,2018-05-10,Orb of Annulment,Chaos Orb,14,1
Bestiary,2018-05-11,Orb of Annulment,Chaos Orb,15,1
Bestiary,2018-05-12,Orb of Annulment,Chaos Orb,15,1
Bestiary,2018-05-13,Orb of Annulment,Chaos Orb,15,1
Bestiary,2018-05-14,Orb of Annulment,Chaos Orb,18.78,1
Bestiary,2018-05-15,Orb of Annulment,Chaos Orb,20,1
Bestiary,2018-05-16,Orb of Annulment,Chaos Orb,19.18393,1
Bestiary,2018-05-17,Orb of Annulment,Chaos Orb,20,1
Bestiary,2018-05-18,Orb of Annulment,Chaos Orb,21.74984,1
Bestiary,2018-05-19,Orb of Annulment,Chaos Orb,23.13663,1
Bestiary,2018-05-20,Orb of Annulment,Chaos Orb,24.27449,1
Bestiary,2018-05-21,Orb of Annulment,Chaos Orb,24,1
Bestiary,2018-05-22,Orb of Annulment,Chaos Orb,24.53825,1
Bestiary,2018-05-23,Orb of Annulment,Chaos Orb,26.37584,1
Bestiary,2018-05-24,Orb of Annulment,Chaos Orb,27.44444,1
Bestiary,2018-05-25,Orb of Annulment,Chaos Orb,26.92105,1
Bestiary,2018-05-26,Orb of Annulment,Chaos Orb,25.93398,1
Bestiary,2018-05-27,Orb of Annulment,Chaos Orb,25.47526,1
Bestiary,2018-05-28,Orb of Annulment,Chaos Orb,25,1
Bestiary,2018-03-02,Exalted Orb,Chaos Orb,58,0
Bestiary,2018-03-03,Exalted Orb,Chaos Orb,26.156,0
Bestiary,2018-03-04,Exalted Orb,Chaos Orb,40.16032,0
Bestiary,2018-03-05,Exalted Orb,Chaos Orb,50.45981,0
Bestiary,2018-03-06,Exalted Orb,Chaos Orb,49.05885,0
Bestiary,2018-03-07,Exalted Orb,Chaos Orb,50.46742,0
Bestiary,2018-03-08,Exalted Orb,Chaos Orb,55.7291,0
Bestiary,2018-03-09,Exalted Orb,Chaos Orb,66.18633,0
Bestiary,2018-03-10,Exalted Orb,Chaos Orb,70.15682,0
Bestiary,2018-03-11,Exalted Orb,Chaos Orb,71.02177,0
Bestiary,2018-03-12,Exalted Orb,Chaos Orb,75.04021,0
Bestiary,2018-03-13,Exalted Orb,Chaos Orb,79.3179,0
Bestiary,2018-03-14,Exalted Orb,Chaos Orb,80.65851,0
Bestiary,2018-03-15,Exalted Orb,Chaos Orb,80.96557,0
Bestiary,2018-03-16,Exalted Orb,Chaos Orb,79.44353,0
Bestiary,2018-03-17,Exalted Orb,Chaos Orb,74.3598,0
Bestiary,2018-03-18,Exalted Orb,Chaos Orb,73.12796,0
Bestiary,2018-03-19,Exalted Orb,Chaos Orb,71.20945,0
Bestiary,2018-03-20,Exalted Orb,Chaos Orb,72.01392,0
Bestiary,2018-03-21,Exalted Orb,Chaos Orb,72.80732,0
Bestiary,2018-03-22,Exalted Orb,Chaos Orb,72.77087,0
Bestiary,2018-03-23,Exalted Orb,Chaos Orb,72.87644,0
Bestiary,2018-03-24,Exalted Orb,Chaos Orb,72.1335,0
Bestiary,2018-03-25,Exalted Orb,Chaos Orb,71.9317,0
Bestiary,2018-03-26,Exalted Orb,Chaos Orb,72.86709,0
Bestiary,2018-03-27,Exalted Orb,Chaos Orb,74.3337,0
Bestiary,2018-03-28,Exalted Orb,Chaos Orb,77.09497,0
Bestiary,2018-03-29,Exalted Orb,Chaos Orb,78.41942,0
Bestiary,2018-03-30,Exalted Orb,Chaos Orb,81.05735,0
Bestiary,2018-03-31,Exalted Orb,Chaos Orb,81.96441,0
Bestiary,2018-04-01,Exalted Orb,Chaos Orb,83.17588,0
Bestiary,2018-04-02,Exalted Orb,Chaos Orb,82.11285,0
Bestiary,2018-04-03,Exalted Orb,Chaos Orb,83.68532,0
Bestiary,2018-04-04,Exalted Orb,Chaos Orb,88.36653,0
Bestiary,2018-04-05,Exalted Orb,Chaos Orb,92.4885,0
Bestiary,2018-04-06,Exalted Orb,Chaos Orb,93.35595,0
Bestiary,2018-04-07,Exalted Orb,Chaos Orb,94.03279,0
Bestiary,2018-04-08,Exalted Orb,Chaos Orb,94.48748,0
Bestiary,2018-04-09,Exalted Orb,Chaos Orb,96.17833,0
Bestiary,2018-04-10,Exalted Orb,Chaos Orb,98.31959,0
Bestiary,2018-04-11,Exalted Orb,Chaos Orb,102.79045,0
Bestiary,2018-04-12,Exalted Orb,Chaos Orb,109.08775,0
Bestiary,2018-04-13,Exalted Orb,Chaos Orb,105.57608,0
Bestiary,2018-04-14,Exalted Orb,Chaos Orb,103.39639,0
Bestiary,2018-04-15,Exalted Orb,Chaos Orb,104.95947,0
Bestiary,2018-04-16,Exalted Orb,Chaos Orb,109.32601,0
Bestiary,2018-04-17,Exalted Orb,Chaos Orb,112.41786,0
Bestiary,2018-04-18,Exalted Orb,Chaos Orb,113.9941,0
Bestiary,2018-04-19,Exalted Orb,Chaos Orb,114.43918,0
Bestiary,2018-04-20,Exalted Orb,Chaos Orb,117.25137,0
Bestiary,2018-04-21,Exalted Orb,Chaos Orb,119.68599,0
Bestiary,2018-04-22,Exalted Orb,Chaos Orb,122.20752,0
Bestiary,2018-04-23,Exalted Orb,Chaos Orb,123.93222,0
Bestiary,2018-04-24,Exalted Orb,Chaos Orb,124.30413,0
Bestiary,2018-04-25,Exalted Orb,Chaos Orb,126.58305,0
Bestiary,2018-04-26,Exalted Orb,Chaos Orb,128.69158,0
Bestiary,2018-04-27,Exalted Orb,Chaos Orb,131.37043,0
Bestiary,2018-04-28,Exalted Orb,Chaos Orb,131,0
Bestiary,2018-04-29,Exalted Orb,Chaos Orb,127,0
Bestiary,2018-04-30,Exalted Orb,Chaos Orb,128,0
Bestiary,2018-05-01,Exalted Orb,Chaos Orb,128,0
Bestiary,2018-05-02,Exalted Orb,Chaos Orb,126.9975,0
Bestiary,2018-05-03,Exalted Orb,Chaos Orb,127,0
Bestiary,2018-05-04,Exalted Orb,Chaos Orb,127,0
Bestiary,2018-05-05,Exalted Orb,Chaos Orb,127.09382,0
Bestiary,2018-05-06,Exalted Orb,Chaos Orb,129.5,0
Bestiary,2018-05-07,Exalted Orb,Chaos Orb,131.65254,0
Bestiary,2018-05-08,Exalted Orb,Chaos Orb,140,0
Bestiary,2018-05-09,Exalted Orb,Chaos Orb,140,0
Bestiary,2018-05-10,Exalted Orb,Chaos Orb,141,0
Bestiary,2018-05-11,Exalted Orb,Chaos Orb,145,0
Bestiary,2018-05-12,Exalted Orb,Chaos Orb,144.38219,0
Bestiary,2018-05-13,Exalted Orb,Chaos Orb,142,0
Bestiary,2018-05-14,Exalted Orb,Chaos Orb,145,0
Bestiary,2018-05-15,Exalted Orb,Chaos Orb,145,0
Bestiary,2018-05-16,Exalted Orb,Chaos Orb,144.02173,0
Bestiary,2018-05-17,Exalted Orb,Chaos Orb,145,0
Bestiary,2018-05-18,Exalted Orb,Chaos Orb,143.04591,0
Bestiary,2018-05-19,Exalted Orb,Chaos Orb,140,0
Bestiary,2018-05-20,Exalted Orb,Chaos Orb,135,0
Bestiary,2018-05-21,Exalted Orb,Chaos Orb,133,0
Bestiary,2018-05-22,Exalted Orb,Chaos Orb,130,0
Bestiary,2018-05-23,Exalted Orb,Chaos Orb,130,0
Bestiary,2018-05-24,Exalted Orb,Chaos Orb,130,0
Bestiary,2018-05-25,Exalted Orb,Chaos Orb,129.0301,0
Bestiary,2018-05-26,Exalted Orb,Chaos Orb,130,0
Bestiary,2018-05-27,Exalted Orb,Chaos Orb,130,0
Bestiary,2018-05-28,Exalted Orb,Chaos Orb,128,0
