League,date,Currency,PriceCurrency,Value,CurrencyID
Betrayal,2018-12-07,Orb of Chance,Chaos Orb,0.5,3
Betrayal,2018-12-08,Orb of Chance,Chaos Orb,0.14286,3
Betrayal,2018-12-09,Orb of Chance,Chaos Orb,0.12422,3
Betrayal,2018-12-10,Orb of Chance,Chaos Orb,0.10654,3
Betrayal,2018-12-11,Orb of Chance,Chaos Orb,0.10794,3
Betrayal,2018-12-12,Orb of Chance,Chaos Orb,0.10561,3
Betrayal,2018-12-13,Orb of Chance,Chaos Orb,0.10566,3
Betrayal,2018-12-14,Orb of Chance,Chaos Orb,0.1,3
Betrayal,2018-12-15,Orb of Chance,Chaos Orb,0.1,3
Betrayal,2018-12-16,Orb of Chance,Chaos Orb,0.09937,3
Betrayal,2018-12-17,Orb of Chance,Chaos Orb,0.09524,3
Betrayal,2018-12-18,Orb of Chance,Chaos Orb,0.09091,3
Betrayal,2018-12-19,Orb of Chance,Chaos Orb,0.09091,3
Betrayal,2018-12-20,Orb of Chance,Chaos Orb,0.08929,3
Betrayal,2018-12-21,Orb of Chance,Chaos Orb,0.08982,3
Betrayal,2018-12-22,Orb of Chance,Chaos Orb,0.08333,3
Betrayal,2018-12-23,Orb of Chance,Chaos Orb,0.07919,3
Betrayal,2018-12-24,Orb of Chance,Chaos Orb,0.07671,3
Betrayal,2018-12-25,Orb of Chance,Chaos Orb,0.07604,3
Betrayal,2018-12-26,Orb of Chance,Chaos Orb,0.07668,3
Betrayal,2018-12-27,Orb of Chance,Chaos Orb,0.07598,3
Betrayal,2018-12-28,Orb of Chance,Chaos Orb,0.07143,3
Betrayal,2018-12-29,Orb of Chance,Chaos Orb,0.06897,3
Betrayal,2018-12-30,Orb of Chance,Chaos Orb,0.06914,3
Betrayal,2018-12-31,Orb of Chance,Chaos Orb,0.07046,3
Betrayal,2019-01-01,Orb of Chance,Chaos Orb,0.0688,3
Betrayal,2019-01-02,Orb of Chance,Chaos Orb,0.06922,3
Betrayal,2019-01-03,Orb of Chance,Chaos Orb,0.07143,3
Betrayal,2019-01-04,Orb of Chance,Chaos Orb,0.07143,3
Betrayal,2019-01-05,Orb of Chance,Chaos Orb,0.06667,3
Betrayal,2019-01-06,Orb of Chance,Chaos Orb,0.06667,3
Betrayal,2019-01-07,Orb of Chance,Chaos Orb,0.06667,3
Betrayal,2019-01-08,Orb of Chance,Chaos Orb,0.06667,3
Betrayal,2019-01-09,Orb of Chance,Chaos Orb,0.06667,3
Betrayal,2019-01-10,Orb of Chance,Chaos Orb,0.06667,3
Betrayal,2019-01-11,Orb of Chance,Chaos Orb,0.06667,3
Betrayal,2019-01-12,Orb of Chance,Chaos Orb,0.06667,3
Betrayal,2019-01-13,Orb of Chance,Chaos Orb,0.06667,3
Betrayal,2019-01-14,Orb of Chance,Chaos Orb,0.06667,3
Betrayal,2019-01-15,Orb of Chance,Chaos Orb,0.07143,3
Betrayal,2019-01-16,Orb of Chance,Chaos Orb,0.07143,3
Betrayal,2019-01-17,Orb of Chance,Chaos Orb,0.07143,3
Betrayal,2019-01-18,Orb of Chance,Chaos Orb,0.07143,3
Betrayal,2019-01-19,Orb of Chance,Chaos Orb,0.07143,3
Betrayal,2019-01-20,Orb of Chance,Chaos Orb,0.07143,3
Betrayal,2019-01-21,Orb of Chance,Chaos Orb,0.07097,3
Betrayal,2019-01-22,Orb of Chance,Chaos Orb,0.07143,3
Betrayal,2019-01-23,Orb of Chance,Chaos Orb,0.07143,3
Betrayal,2019-01-24,Orb of Chance,Chaos Orb,0.07143,3
Betrayal,2019-01-25,Orb of Chance,Chaos Orb,0.07143,3
Betrayal,2019-01-26,Orb of Chance,Chaos Orb,0.07143,3
Betrayal,2019-01-27,Orb of Chance,Chaos Orb,0.07143,3
Betrayal,2019-01-28,Orb of Chance,Chaos Orb,0.07143,3
Betrayal,2019-01-29,Orb of Chance,Chaos Orb,0.07143,3
Betrayal,2019-01-30,Orb of Chance,Chaos Orb,0.07143,3
Betrayal,2019-01-31,Orb of Chance,Chaos Orb,0.07143,3
Betrayal,2019-02-01,Orb of Chance,Chaos Orb,0.07405,3
Betrayal,2019-02-02,Orb of Chance,Chaos Orb,0.07692,3
Betrayal,2019-02-03,Orb of Chance,Chaos Orb,0.07692,3
Betrayal,2019-02-04,Orb of Chance,Chaos Orb,0.07692,3
Betrayal,2019-02-05,Orb of Chance,Chaos Orb,0.07692,3
Betrayal,2019-02-06,Orb of Chance,Chaos Orb,0.08228,3
Betrayal,2019-02-07,Orb of Chance,Chaos Orb,0.08295,3
Betrayal,2019-02-08,Orb of Chance,Chaos Orb,0.08,3
Betrayal,2019-02-09,Orb of Chance,Chaos Orb,0.08333,3
Betrayal,2019-02-10,Orb of Chance,Chaos Orb,0.08333,3
Betrayal,2019-02-11,Orb of Chance,Chaos Orb,0.08767,3
Betrayal,2019-02-12,Orb of Chance,Chaos Orb,0.08481,3
Betrayal,2019-02-13,Orb of Chance,Chaos Orb,0.08333,3
Betrayal,2019-02-14,Orb of Chance,Chaos Orb,0.0864,3
Betrayal,2019-02-15,Orb of Chance,Chaos Orb,0.09091,3
Betrayal,2019-02-16,Orb of Chance,Chaos Orb,0.09507,3
Betrayal,2019-02-17,Orb of Chance,Chaos Orb,0.09488,3
Betrayal,2019-02-18,Orb of Chance,Chaos Orb,0.09091,3
Betrayal,2019-02-19,Orb of Chance,Chaos Orb,0.09524,3
Betrayal,2019-02-20,Orb of Chance,Chaos Orb,0.09512,3
Betrayal,2019-02-21,Orb of Chance,Chaos Orb,0.09524,3
Betrayal,2019-02-22,Orb of Chance,Chaos Orb,0.09474,3
Betrayal,2019-02-23,Orb of Chance,Chaos Orb,0.09091,3
Betrayal,2019-02-24,Orb of Chance,Chaos Orb,0.09091,3
Betrayal,2019-02-25,Orb of Chance,Chaos Orb,0.09091,3
Betrayal,2019-02-26,Orb of Chance,Chaos Orb,0.09091,3
Betrayal,2019-02-27,Orb of Chance,Chaos Orb,0.09091,3
Betrayal,2019-02-28,Orb of Chance,Chaos Orb,0.09091,3
Betrayal,2019-03-01,Orb of Chance,Chaos Orb,0.09091,3
Betrayal,2019-03-02,Orb of Chance,Chaos Orb,0.09091,3
Betrayal,2019-03-03,Orb of Chance,Chaos Orb,0.09091,3
Betrayal,2019-03-04,Orb of Chance,Chaos Orb,0.09091,3
Betrayal,2019-03-05,Orb of Chance,Chaos Orb,0.09091,3
Betrayal,2018-12-07,Silver Coin,Chaos Orb,0.57547,4
Betrayal,2018-12-08,Silver Coin,Chaos Orb,0.16667,4
Betrayal,2018-12-09,Silver Coin,Chaos Orb,0.16667,4
Betrayal,2018-12-10,Silver Coin,Chaos Orb,0.15152,4
Betrayal,2018-12-11,Silver Coin,Chaos Orb,0.13333,4
Betrayal,2018-12-12,Silver Coin,Chaos Orb,0.12373,4
Betrayal,2018-12-13,Silver Coin,Chaos Orb,0.13859,4
Betrayal,2018-12-14,Silver Coin,Chaos Orb,0.14286,4
Betrayal,2018-12-15,Silver Coin,Chaos Orb,0.14286,4
Betrayal,2018-12-16,Silver Coin,Chaos Orb,0.13799,4
Betrayal,2018-12-17,Silver Coin,Chaos Orb,0.13333,4
Betrayal,2018-12-18,Silver Coin,Chaos Orb,0.13333,4
Betrayal,2018-12-19,Silver Coin,Chaos Orb,0.13333,4
Betrayal,2018-12-20,Silver Coin,Chaos Orb,0.12988,4
Betrayal,2018-12-21,Silver Coin,Chaos Orb,0.13333,4
Betrayal,2018-12-22,Silver Coin,Chaos Orb,0.13333,4
Betrayal,2018-12-23,Silver Coin,Chaos Orb,0.13333,4
Betrayal,2018-12-24,Silver Coin,Chaos Orb,0.13333,4
Betrayal,2018-12-25,Silver Coin,Chaos Orb,0.13333,4
Betrayal,2018-12-26,Silver Coin,Chaos Orb,0.13333,4
Betrayal,2018-12-27,Silver Coin,Chaos Orb,0.13333,4
Betrayal,2018-12-28,Silver Coin,Chaos Orb,0.14286,4
Betrayal,2018-12-29,Silver Coin,Chaos Orb,0.16667,4
Betrayal,2018-12-30,Silver Coin,Chaos Orb,0.16525,4
Betrayal,2018-12-31,Silver Coin,Chaos Orb,0.15641,4
Betrayal,2019-01-01,Silver Coin,Chaos Orb,0.15437,4
Betrayal,2019-01-02,Silver Coin,Chaos Orb,0.14286,4
Betrayal,2019-01-03,Silver Coin,Chaos Orb,0.15665,4
Betrayal,2019-01-04,Silver Coin,Chaos Orb,0.16667,4
Betrayal,2019-01-05,Silver Coin,Chaos Orb,0.16699,4
Betrayal,2019-01-06,Silver Coin,Chaos Orb,0.18182,4
Betrayal,2019-01-07,Silver Coin,Chaos Orb,0.18271,4
Betrayal,2019-01-08,Silver Coin,Chaos Orb,0.18333,4
Betrayal,2019-01-09,Silver Coin,Chaos Orb,0.18618,4
Betrayal,2019-01-10,Silver Coin,Chaos Orb,0.19133,4
Betrayal,2019-01-11,Silver Coin,Chaos Orb,0.19615,4
Betrayal,2019-01-12,Silver Coin,Chaos Orb,0.19656,4
Betrayal,2019-01-13,Silver Coin,Chaos Orb,0.20371,4
Betrayal,2019-01-14,Silver Coin,Chaos Orb,0.20708,4
Betrayal,2019-01-15,Silver Coin,Chaos Orb,0.21985,4
Betrayal,2019-01-16,Silver Coin,Chaos Orb,0.2218,4
Betrayal,2019-01-17,Silver Coin,Chaos Orb,0.21551,4
Betrayal,2019-01-18,Silver Coin,Chaos Orb,0.21667,4
Betrayal,2019-01-19,Silver Coin,Chaos Orb,0.21739,4
Betrayal,2019-01-20,Silver Coin,Chaos Orb,0.21952,4
Betrayal,2019-01-21,Silver Coin,Chaos Orb,0.21449,4
Betrayal,2019-01-22,Silver Coin,Chaos Orb,0.21333,4
Betrayal,2019-01-23,Silver Coin,Chaos Orb,0.21417,4
Betrayal,2019-01-24,Silver Coin,Chaos Orb,0.21596,4
Betrayal,2019-01-25,Silver Coin,Chaos Orb,0.21333,4
Betrayal,2019-01-26,Silver Coin,Chaos Orb,0.21667,4
Betrayal,2019-01-27,Silver Coin,Chaos Orb,0.21739,4
Betrayal,2019-01-28,Silver Coin,Chaos Orb,0.21739,4
Betrayal,2019-01-29,Silver Coin,Chaos Orb,0.21739,4
Betrayal,2019-01-30,Silver Coin,Chaos Orb,0.21739,4
Betrayal,2019-01-31,Silver Coin,Chaos Orb,0.21739,4
Betrayal,2019-02-01,Silver Coin,Chaos Orb,0.23327,4
Betrayal,2019-02-02,Silver Coin,Chaos Orb,0.24164,4
Betrayal,2019-02-03,Silver Coin,Chaos Orb,0.24324,4
Betrayal,2019-02-04,Silver Coin,Chaos Orb,0.25,4
Betrayal,2019-02-05,Silver Coin,Chaos Orb,0.23964,4
Betrayal,2019-02-06,Silver Coin,Chaos Orb,0.25,4
Betrayal,2019-02-07,Silver Coin,Chaos Orb,0.25641,4
Betrayal,2019-02-08,Silver Coin,Chaos Orb,0.27778,4
Betrayal,2019-02-09,Silver Coin,Chaos Orb,0.28773,4
Betrayal,2019-02-10,Silver Coin,Chaos Orb,0.3,4
Betrayal,2019-02-11,Silver Coin,Chaos Orb,0.29392,4
Betrayal,2019-02-12,Silver Coin,Chaos Orb,0.31108,4
Betrayal,2019-02-13,Silver Coin,Chaos Orb,0.3125,4
Betrayal,2019-02-14,Silver Coin,Chaos Orb,0.31156,4
Betrayal,2019-02-15,Silver Coin,Chaos Orb,0.30303,4
Betrayal,2019-02-16,Silver Coin,Chaos Orb,0.3125,4
Betrayal,2019-02-17,Silver Coin,Chaos Orb,0.30617,4
Betrayal,2019-02-18,Silver Coin,Chaos Orb,0.30839,4
Betrayal,2019-02-19,Silver Coin,Chaos Orb,0.31333,4
Betrayal,2019-02-20,Silver Coin,Chaos Orb,0.31929,4
Betrayal,2019-02-21,Silver Coin,Chaos Orb,0.30722,4
Betrayal,2019-02-22,Silver Coin,Chaos Orb,0.30908,4
Betrayal,2019-02-23,Silver Coin,Chaos Orb,0.29412,4
Betrayal,2019-02-24,Silver Coin,Chaos Orb,0.28571,4
Betrayal,2019-02-25,Silver Coin,Chaos Orb,0.29477,4
Betrayal,2019-02-26,Silver Coin,Chaos Orb,0.30062,4
Betrayal,2019-02-27,Silver Coin,Chaos Orb,0.30145,4
Betrayal,2019-02-28,Silver Coin,Chaos Orb,0.30769,4
Betrayal,2019-03-01,Silver Coin,Chaos Orb,0.30144,4
Betrayal,2019-03-02,Silver Coin,Chaos Orb,0.28763,4
Betrayal,2019-03-03,Silver Coin,Chaos Orb,0.2962,4
Betrayal,2019-03-04,Silver Coin,Chaos Orb,0.29487,4
Betrayal,2019-03-05,Silver Coin,Chaos Orb,0.3,4
Betrayal,2018-12-07,Orb of Alchemy,Chaos Orb,0.33333,5
Betrayal,2018-12-08,Orb of Alchemy,Chaos Orb,0.25,5
Betrayal,2018-12-09,Orb of Alchemy,Chaos Orb,0.33333,5
Betrayal,2018-12-10,Orb of Alchemy,Chaos Orb,0.44444,5
Betrayal,2018-12-11,Orb of Alchemy,Chaos Orb,0.46512,5
Betrayal,2018-12-12,Orb of Alchemy,Chaos Orb,0.4878,5
Betrayal,2018-12-13,Orb of Alchemy,Chaos Orb,0.52632,5
Betrayal,2018-12-14,Orb of Alchemy,Chaos Orb,0.55556,5
Betrayal,2018-12-15,Orb of Alchemy,Chaos Orb,0.56818,5
Betrayal,2018-12-16,Orb of Alchemy,Chaos Orb,0.57816,5
Betrayal,2018-12-17,Orb of Alchemy,Chaos Orb,0.59272,5
Betrayal,2018-12-18,Orb of Alchemy,Chaos Orb,0.60606,5
Betrayal,2018-12-19,Orb of Alchemy,Chaos Orb,0.61039,5
Betrayal,2018-12-20,Orb of Alchemy,Chaos Orb,0.6,5
Betrayal,2018-12-21,Orb of Alchemy,Chaos Orb,0.59988,5
Betrayal,2018-12-22,Orb of Alchemy,Chaos Orb,0.57778,5
Betrayal,2018-12-23,Orb of Alchemy,Chaos Orb,0.52287,5
Betrayal,2018-12-24,Orb of Alchemy,Chaos Orb,0.47619,5
Betrayal,2018-12-25,Orb of Alchemy,Chaos Orb,0.41667,5
Betrayal,2018-12-26,Orb of Alchemy,Chaos Orb,0.41418,5
Betrayal,2018-12-27,Orb of Alchemy,Chaos Orb,0.39474,5
Betrayal,2018-12-28,Orb of Alchemy,Chaos Orb,0.3511,5
Betrayal,2018-12-29,Orb of Alchemy,Chaos Orb,0.36865,5
Betrayal,2018-12-30,Orb of Alchemy,Chaos Orb,0.36505,5
Betrayal,2018-12-31,Orb of Alchemy,Chaos Orb,0.37037,5
Betrayal,2019-01-01,Orb of Alchemy,Chaos Orb,0.36567,5
Betrayal,2019-01-02,Orb of Alchemy,Chaos Orb,0.35714,5
Betrayal,2019-01-03,Orb of Alchemy,Chaos Orb,0.36364,5
Betrayal,2019-01-04,Orb of Alchemy,Chaos Orb,0.38462,5
Betrayal,2019-01-05,Orb of Alchemy,Chaos Orb,0.41668,5
Betrayal,2019-01-06,Orb of Alchemy,Chaos Orb,0.4504,5
Betrayal,2019-01-07,Orb of Alchemy,Chaos Orb,0.45455,5
Betrayal,2019-01-08,Orb of Alchemy,Chaos Orb,0.45455,5
Betrayal,2019-01-09,Orb of Alchemy,Chaos Orb,0.45455,5
Betrayal,2019-01-10,Orb of Alchemy,Chaos Orb,0.44681,5
Betrayal,2019-01-11,Orb of Alchemy,Chaos Orb,0.44845,5
Betrayal,2019-01-12,Orb of Alchemy,Chaos Orb,0.44323,5
Betrayal,2019-01-13,Orb of Alchemy,Chaos Orb,0.44774,5
Betrayal,2019-01-14,Orb of Alchemy,Chaos Orb,0.4348,5
Betrayal,2019-01-15,Orb of Alchemy,Chaos Orb,0.42977,5
Betrayal,2019-01-16,Orb of Alchemy,Chaos Orb,0.42497,5
Betrayal,2019-01-17,Orb of Alchemy,Chaos Orb,0.41667,5
Betrayal,2019-01-18,Orb of Alchemy,Chaos Orb,0.40899,5
Betrayal,2019-01-19,Orb of Alchemy,Chaos Orb,0.4,5
Betrayal,2019-01-20,Orb of Alchemy,Chaos Orb,0.38462,5
Betrayal,2019-01-21,Orb of Alchemy,Chaos Orb,0.36364,5
Betrayal,2019-01-22,Orb of Alchemy,Chaos Orb,0.33333,5
Betrayal,2019-01-23,Orb of Alchemy,Chaos Orb,0.32258,5
Betrayal,2019-01-24,Orb of Alchemy,Chaos Orb,0.33,5
Betrayal,2019-01-25,Orb of Alchemy,Chaos Orb,0.33333,5
Betrayal,2019-01-26,Orb of Alchemy,Chaos Orb,0.33339,5
Betrayal,2019-01-27,Orb of Alchemy,Chaos Orb,0.36066,5
Betrayal,2019-01-28,Orb of Alchemy,Chaos Orb,0.41667,5
Betrayal,2019-01-29,Orb of Alchemy,Chaos Orb,0.44264,5
Betrayal,2019-01-30,Orb of Alchemy,Chaos Orb,0.47619,5
Betrayal,2019-01-31,Orb of Alchemy,Chaos Orb,0.5,5
Betrayal,2019-02-01,Orb of Alchemy,Chaos Orb,0.50501,5
Betrayal,2019-02-02,Orb of Alchemy,Chaos Orb,0.52414,5
Betrayal,2019-02-03,Orb of Alchemy,Chaos Orb,0.55556,5
Betrayal,2019-02-04,Orb of Alchemy,Chaos Orb,0.57143,5
Betrayal,2019-02-05,Orb of Alchemy,Chaos Orb,0.57143,5
Betrayal,2019-02-06,Orb of Alchemy,Chaos Orb,0.55556,5
Betrayal,2019-02-07,Orb of Alchemy,Chaos Orb,0.55556,5
Betrayal,2019-02-08,Orb of Alchemy,Chaos Orb,0.57546,5
Betrayal,2019-02-09,Orb of Alchemy,Chaos Orb,0.56344,5
Betrayal,2019-02-10,Orb of Alchemy,Chaos Orb,0.58824,5
Betrayal,2019-02-11,Orb of Alchemy,Chaos Orb,0.56,5
Betrayal,2019-02-12,Orb of Alchemy,Chaos Orb,0.55556,5
Betrayal,2019-02-13,Orb of Alchemy,Chaos Orb,0.55556,5
Betrayal,2019-02-14,Orb of Alchemy,Chaos Orb,0.55473,5
Betrayal,2019-02-15,Orb of Alchemy,Chaos Orb,0.554,5
Betrayal,2019-02-16,Orb of Alchemy,Chaos Orb,0.55252,5
Betrayal,2019-02-17,Orb of Alchemy,Chaos Orb,0.52632,5
Betrayal,2019-02-18,Orb of Alchemy,Chaos Orb,0.5,5
Betrayal,2019-02-19,Orb of Alchemy,Chaos Orb,0.49501,5
Betrayal,2019-02-20,Orb of Alchemy,Chaos Orb,0.47619,5
Betrayal,2019-02-21,Orb of Alchemy,Chaos Orb,0.45161,5
Betrayal,2019-02-22,Orb of Alchemy,Chaos Orb,0.4437,5
Betrayal,2019-02-23,Orb of Alchemy,Chaos Orb,0.43103,5
Betrayal,2019-02-24,Orb of Alchemy,Chaos Orb,0.41667,5
Betrayal,2019-02-25,Orb of Alchemy,Chaos Orb,0.40816,5
Betrayal,2019-02-26,Orb of Alchemy,Chaos Orb,0.40422,5
Betrayal,2019-02-27,Orb of Alchemy,Chaos Orb,0.4,5
Betrayal,2019-02-28,Orb of Alchemy,Chaos Orb,0.39996,5
Betrayal,2019-03-01,Orb of Alchemy,Chaos Orb,0.38462,5
Betrayal,2019-03-02,Orb of Alchemy,Chaos Orb,0.38462,5
Betrayal,2019-03-03,Orb of Alchemy,Chaos Orb,0.38462,5
Betrayal,2019-03-04,Orb of Alchemy,Chaos Orb,0.38462,5
Betrayal,2019-03-05,Orb of Alchemy,Chaos Orb,0.39432,5
Betrayal,2018-12-07,Chromatic Orb,Chaos Orb,0.07648,6
Betrayal,2018-12-08,Chromatic Orb,Chaos Orb,0.04762,6
Betrayal,2018-12-09,Chromatic Orb,Chaos Orb,0.09091,6
Betrayal,2018-12-10,Chromatic Orb,Chaos Orb,0.09914,6
Betrayal,2018-12-11,Chromatic Orb,Chaos Orb,0.09524,6
Betrayal,2018-12-12,Chromatic Orb,Chaos Orb,0.1,6
Betrayal,2018-12-13,Chromatic Orb,Chaos Orb,0.10476,6
Betrayal,2018-12-14,Chromatic Orb,Chaos Orb,0.09613,6
Betrayal,2018-12-15,Chromatic Orb,Chaos Orb,0.09478,6
Betrayal,2018-12-16,Chromatic Orb,Chaos Orb,0.09091,6
Betrayal,2018-12-17,Chromatic Orb,Chaos Orb,0.09091,6
Betrayal,2018-12-18,Chromatic Orb,Chaos Orb,0.09002,6
Betrayal,2018-12-19,Chromatic Orb,Chaos Orb,0.09043,6
Betrayal,2018-12-20,Chromatic Orb,Chaos Orb,0.08621,6
Betrayal,2018-12-21,Chromatic Orb,Chaos Orb,0.08736,6
Betrayal,2018-12-22,Chromatic Orb,Chaos Orb,0.08394,6
Betrayal,2018-12-23,Chromatic Orb,Chaos Orb,0.08333,6
Betrayal,2018-12-24,Chromatic Orb,Chaos Orb,0.08333,6
Betrayal,2018-12-25,Chromatic Orb,Chaos Orb,0.08333,6
Betrayal,2018-12-26,Chromatic Orb,Chaos Orb,0.08333,6
Betrayal,2018-12-27,Chromatic Orb,Chaos Orb,0.08333,6
Betrayal,2018-12-28,Chromatic Orb,Chaos Orb,0.08333,6
Betrayal,2018-12-29,Chromatic Orb,Chaos Orb,0.08352,6
Betrayal,2018-12-30,Chromatic Orb,Chaos Orb,0.0909,6
Betrayal,2018-12-31,Chromatic Orb,Chaos Orb,0.09081,6
Betrayal,2019-01-01,Chromatic Orb,Chaos Orb,0.09091,6
Betrayal,2019-01-02,Chromatic Orb,Chaos Orb,0.09091,6
Betrayal,2019-01-03,Chromatic Orb,Chaos Orb,0.1,6
Betrayal,2019-01-04,Chromatic Orb,Chaos Orb,0.1,6
Betrayal,2019-01-05,Chromatic Orb,Chaos Orb,0.11111,6
Betrayal,2019-01-06,Chromatic Orb,Chaos Orb,0.11111,6
Betrayal,2019-01-07,Chromatic Orb,Chaos Orb,0.11419,6
Betrayal,2019-01-08,Chromatic Orb,Chaos Orb,0.11903,6
Betrayal,2019-01-09,Chromatic Orb,Chaos Orb,0.12109,6
Betrayal,2019-01-10,Chromatic Orb,Chaos Orb,0.12146,6
Betrayal,2019-01-11,Chromatic Orb,Chaos Orb,0.13333,6
Betrayal,2019-01-12,Chromatic Orb,Chaos Orb,0.13572,6
Betrayal,2019-01-13,Chromatic Orb,Chaos Orb,0.14147,6
Betrayal,2019-01-14,Chromatic Orb,Chaos Orb,0.14272,6
Betrayal,2019-01-15,Chromatic Orb,Chaos Orb,0.13342,6
Betrayal,2019-01-16,Chromatic Orb,Chaos Orb,0.13473,6
Betrayal,2019-01-17,Chromatic Orb,Chaos Orb,0.1329,6
Betrayal,2019-01-18,Chromatic Orb,Chaos Orb,0.13147,6
Betrayal,2019-01-19,Chromatic Orb,Chaos Orb,0.12395,6
Betrayal,2019-01-20,Chromatic Orb,Chaos Orb,0.11765,6
Betrayal,2019-01-21,Chromatic Orb,Chaos Orb,0.10833,6
Betrayal,2019-01-22,Chromatic Orb,Chaos Orb,0.11496,6
Betrayal,2019-01-23,Chromatic Orb,Chaos Orb,0.11111,6
Betrayal,2019-01-24,Chromatic Orb,Chaos Orb,0.11111,6
Betrayal,2019-01-25,Chromatic Orb,Chaos Orb,0.11111,6
Betrayal,2019-01-26,Chromatic Orb,Chaos Orb,0.11624,6
Betrayal,2019-01-27,Chromatic Orb,Chaos Orb,0.13,6
Betrayal,2019-01-28,Chromatic Orb,Chaos Orb,0.14039,6
Betrayal,2019-01-29,Chromatic Orb,Chaos Orb,0.14286,6
Betrayal,2019-01-30,Chromatic Orb,Chaos Orb,0.14733,6
Betrayal,2019-01-31,Chromatic Orb,Chaos Orb,0.15385,6
Betrayal,2019-02-01,Chromatic Orb,Chaos Orb,0.15579,6
Betrayal,2019-02-02,Chromatic Orb,Chaos Orb,0.19421,6
Betrayal,2019-02-03,Chromatic Orb,Chaos Orb,0.22222,6
Betrayal,2019-02-04,Chromatic Orb,Chaos Orb,0.22498,6
Betrayal,2019-02-05,Chromatic Orb,Chaos Orb,0.22671,6
Betrayal,2019-02-06,Chromatic Orb,Chaos Orb,0.2381,6
Betrayal,2019-02-07,Chromatic Orb,Chaos Orb,0.23029,6
Betrayal,2019-02-08,Chromatic Orb,Chaos Orb,0.22006,6
Betrayal,2019-02-09,Chromatic Orb,Chaos Orb,0.22156,6
Betrayal,2019-02-10,Chromatic Orb,Chaos Orb,0.22722,6
Betrayal,2019-02-11,Chromatic Orb,Chaos Orb,0.23201,6
Betrayal,2019-02-12,Chromatic Orb,Chaos Orb,0.23077,6
Betrayal,2019-02-13,Chromatic Orb,Chaos Orb,0.23256,6
Betrayal,2019-02-14,Chromatic Orb,Chaos Orb,0.23256,6
Betrayal,2019-02-15,Chromatic Orb,Chaos Orb,0.23529,6
Betrayal,2019-02-16,Chromatic Orb,Chaos Orb,0.2381,6
Betrayal,2019-02-17,Chromatic Orb,Chaos Orb,0.2439,6
Betrayal,2019-02-18,Chromatic Orb,Chaos Orb,0.25,6
Betrayal,2019-02-19,Chromatic Orb,Chaos Orb,0.25,6
Betrayal,2019-02-20,Chromatic Orb,Chaos Orb,0.25,6
Betrayal,2019-02-21,Chromatic Orb,Chaos Orb,0.24961,6
Betrayal,2019-02-22,Chromatic Orb,Chaos Orb,0.24896,6
Betrayal,2019-02-23,Chromatic Orb,Chaos Orb,0.24938,6
Betrayal,2019-02-24,Chromatic Orb,Chaos Orb,0.24938,6
Betrayal,2019-02-25,Chromatic Orb,Chaos Orb,0.24938,6
Betrayal,2019-02-26,Chromatic Orb,Chaos Orb,0.2439,6
Betrayal,2019-02-27,Chromatic Orb,Chaos Orb,0.24377,6
Betrayal,2019-02-28,Chromatic Orb,Chaos Orb,0.24931,6
Betrayal,2019-03-01,Chromatic Orb,Chaos Orb,0.25,6
Betrayal,2019-03-02,Chromatic Orb,Chaos Orb,0.2462,6
Betrayal,2019-03-03,Chromatic Orb,Chaos Orb,0.24309,6
Betrayal,2019-03-04,Chromatic Orb,Chaos Orb,0.24524,6
Betrayal,2019-03-05,Chromatic Orb,Chaos Orb,0.2438,6
Betrayal,2018-12-07,Orb of Regret,Chaos Orb,1,7
Betrayal,2018-12-08,Orb of Regret,Chaos Orb,0.66667,7
Betrayal,2018-12-09,Orb of Regret,Chaos Orb,0.9,7
Betrayal,2018-12-10,Orb of Regret,Chaos Orb,0.93943,7
Betrayal,2018-12-11,Orb of Regret,Chaos Orb,0.91667,7
Betrayal,2018-12-12,Orb of Regret,Chaos Orb,0.89286,7
Betrayal,2018-12-13,Orb of Regret,Chaos Orb,0.84662,7
Betrayal,2018-12-14,Orb of Regret,Chaos Orb,0.77778,7
Betrayal,2018-12-15,Orb of Regret,Chaos Orb,0.75,7
Betrayal,2018-12-16,Orb of Regret,Chaos Orb,0.72414,7
Betrayal,2018-12-17,Orb of Regret,Chaos Orb,0.69993,7
Betrayal,2018-12-18,Orb of Regret,Chaos Orb,0.66667,7
Betrayal,2018-12-19,Orb of Regret,Chaos Orb,0.6574,7
Betrayal,2018-12-20,Orb of Regret,Chaos Orb,0.63613,7
Betrayal,2018-12-21,Orb of Regret,Chaos Orb,0.6631,7
Betrayal,2018-12-22,Orb of Regret,Chaos Orb,0.65,7
Betrayal,2018-12-23,Orb of Regret,Chaos Orb,0.62447,7
Betrayal,2018-12-24,Orb of Regret,Chaos Orb,0.61449,7
Betrayal,2018-12-25,Orb of Regret,Chaos Orb,0.6,7
Betrayal,2018-12-26,Orb of Regret,Chaos Orb,0.56889,7
Betrayal,2018-12-27,Orb of Regret,Chaos Orb,0.55,7
Betrayal,2018-12-28,Orb of Regret,Chaos Orb,0.51453,7
Betrayal,2018-12-29,Orb of Regret,Chaos Orb,0.51282,7
Betrayal,2018-12-30,Orb of Regret,Chaos Orb,0.52525,7
Betrayal,2018-12-31,Orb of Regret,Chaos Orb,0.5375,7
Betrayal,2019-01-01,Orb of Regret,Chaos Orb,0.54348,7
Betrayal,2019-01-02,Orb of Regret,Chaos Orb,0.52428,7
Betrayal,2019-01-03,Orb of Regret,Chaos Orb,0.55066,7
Betrayal,2019-01-04,Orb of Regret,Chaos Orb,0.55556,7
Betrayal,2019-01-05,Orb of Regret,Chaos Orb,0.55001,7
Betrayal,2019-01-06,Orb of Regret,Chaos Orb,0.55,7
Betrayal,2019-01-07,Orb of Regret,Chaos Orb,0.55556,7
Betrayal,2019-01-08,Orb of Regret,Chaos Orb,0.55556,7
Betrayal,2019-01-09,Orb of Regret,Chaos Orb,0.55556,7
Betrayal,2019-01-10,Orb of Regret,Chaos Orb,0.55556,7
Betrayal,2019-01-11,Orb of Regret,Chaos Orb,0.58364,7
Betrayal,2019-01-12,Orb of Regret,Chaos Orb,0.55556,7
Betrayal,2019-01-13,Orb of Regret,Chaos Orb,0.57143,7
Betrayal,2019-01-14,Orb of Regret,Chaos Orb,0.57132,7
Betrayal,2019-01-15,Orb of Regret,Chaos Orb,0.57108,7
Betrayal,2019-01-16,Orb of Regret,Chaos Orb,0.60606,7
Betrayal,2019-01-17,Orb of Regret,Chaos Orb,0.60657,7
Betrayal,2019-01-18,Orb of Regret,Chaos Orb,0.62756,7
Betrayal,2019-01-19,Orb of Regret,Chaos Orb,0.6331,7
Betrayal,2019-01-20,Orb of Regret,Chaos Orb,0.64103,7
Betrayal,2019-01-21,Orb of Regret,Chaos Orb,0.5891,7
Betrayal,2019-01-22,Orb of Regret,Chaos Orb,0.6,7
Betrayal,2019-01-23,Orb of Regret,Chaos Orb,0.58641,7
Betrayal,2019-01-24,Orb of Regret,Chaos Orb,0.6,7
Betrayal,2019-01-25,Orb of Regret,Chaos Orb,0.59937,7
Betrayal,2019-01-26,Orb of Regret,Chaos Orb,0.58824,7
Betrayal,2019-01-27,Orb of Regret,Chaos Orb,0.59368,7
Betrayal,2019-01-28,Orb of Regret,Chaos Orb,0.62366,7
Betrayal,2019-01-29,Orb of Regret,Chaos Orb,0.625,7
Betrayal,2019-01-30,Orb of Regret,Chaos Orb,0.62421,7
Betrayal,2019-01-31,Orb of Regret,Chaos Orb,0.625,7
Betrayal,2019-02-01,Orb of Regret,Chaos Orb,0.64119,7
Betrayal,2019-02-02,Orb of Regret,Chaos Orb,0.66667,7
Betrayal,2019-02-03,Orb of Regret,Chaos Orb,0.71429,7
Betrayal,2019-02-04,Orb of Regret,Chaos Orb,0.71429,7
Betrayal,2019-02-05,Orb of Regret,Chaos Orb,0.75004,7
Betrayal,2019-02-06,Orb of Regret,Chaos Orb,0.7878,7
Betrayal,2019-02-07,Orb of Regret,Chaos Orb,0.8,7
Betrayal,2019-02-08,Orb of Regret,Chaos Orb,0.8,7
Betrayal,2019-02-09,Orb of Regret,Chaos Orb,0.86144,7
Betrayal,2019-02-10,Orb of Regret,Chaos Orb,0.88598,7
Betrayal,2019-02-11,Orb of Regret,Chaos Orb,0.86957,7
Betrayal,2019-02-12,Orb of Regret,Chaos Orb,0.87029,7
Betrayal,2019-02-13,Orb of Regret,Chaos Orb,0.875,7
Betrayal,2019-02-14,Orb of Regret,Chaos Orb,0.87948,7
Betrayal,2019-02-15,Orb of Regret,Chaos Orb,0.94928,7
Betrayal,2019-02-16,Orb of Regret,Chaos Orb,0.95091,7
Betrayal,2019-02-17,Orb of Regret,Chaos Orb,0.95,7
Betrayal,2019-02-18,Orb of Regret,Chaos Orb,0.92438,7
Betrayal,2019-02-19,Orb of Regret,Chaos Orb,0.90909,7
Betrayal,2019-02-20,Orb of Regret,Chaos Orb,0.90909,7
Betrayal,2019-02-21,Orb of Regret,Chaos Orb,0.9,7
Betrayal,2019-02-22,Orb of Regret,Chaos Orb,0.90909,7
Betrayal,2019-02-23,Orb of Regret,Chaos Orb,0.90909,7
Betrayal,2019-02-24,Orb of Regret,Chaos Orb,0.90909,7
Betrayal,2019-02-25,Orb of Regret,Chaos Orb,0.90909,7
Betrayal,2019-02-26,Orb of Regret,Chaos Orb,0.90018,7
Betrayal,2019-02-27,Orb of Regret,Chaos Orb,0.90883,7
Betrayal,2019-02-28,Orb of Regret,Chaos Orb,0.90559,7
Betrayal,2019-03-01,Orb of Regret,Chaos Orb,0.90044,7
Betrayal,2019-03-02,Orb of Regret,Chaos Orb,0.90819,7
Betrayal,2019-03-03,Orb of Regret,Chaos Orb,0.90909,7
Betrayal,2019-03-04,Orb of Regret,Chaos Orb,0.93341,7
Betrayal,2019-03-05,Orb of Regret,Chaos Orb,0.95,7
Betrayal,2018-12-07,Orb of Alteration,Chaos Orb,0.06842,9
Betrayal,2018-12-08,Orb of Alteration,Chaos Orb,0.03468,9
Betrayal,2018-12-09,Orb of Alteration,Chaos Orb,0.05534,9
Betrayal,2018-12-10,Orb of Alteration,Chaos Orb,0.05556,9
Betrayal,2018-12-11,Orb of Alteration,Chaos Orb,0.05495,9
Betrayal,2018-12-12,Orb of Alteration,Chaos Orb,0.05556,9
Betrayal,2018-12-13,Orb of Alteration,Chaos Orb,0.05848,9
Betrayal,2018-12-14,Orb of Alteration,Chaos Orb,0.065,9
Betrayal,2018-12-15,Orb of Alteration,Chaos Orb,0.06667,9
Betrayal,2018-12-16,Orb of Alteration,Chaos Orb,0.06667,9
Betrayal,2018-12-17,Orb of Alteration,Chaos Orb,0.06667,9
Betrayal,2018-12-18,Orb of Alteration,Chaos Orb,0.07143,9
Betrayal,2018-12-19,Orb of Alteration,Chaos Orb,0.09033,9
Betrayal,2018-12-20,Orb of Alteration,Chaos Orb,0.09091,9
Betrayal,2018-12-21,Orb of Alteration,Chaos Orb,0.09091,9
Betrayal,2018-12-22,Orb of Alteration,Chaos Orb,0.08799,9
Betrayal,2018-12-23,Orb of Alteration,Chaos Orb,0.08229,9
Betrayal,2018-12-24,Orb of Alteration,Chaos Orb,0.07143,9
Betrayal,2018-12-25,Orb of Alteration,Chaos Orb,0.07143,9
Betrayal,2018-12-26,Orb of Alteration,Chaos Orb,0.07143,9
Betrayal,2018-12-27,Orb of Alteration,Chaos Orb,0.07676,9
Betrayal,2018-12-28,Orb of Alteration,Chaos Orb,0.07692,9
Betrayal,2018-12-29,Orb of Alteration,Chaos Orb,0.08333,9
Betrayal,2018-12-30,Orb of Alteration,Chaos Orb,0.08333,9
Betrayal,2018-12-31,Orb of Alteration,Chaos Orb,0.08333,9
Betrayal,2019-01-01,Orb of Alteration,Chaos Orb,0.08889,9
Betrayal,2019-01-02,Orb of Alteration,Chaos Orb,0.09091,9
Betrayal,2019-01-03,Orb of Alteration,Chaos Orb,0.11692,9
Betrayal,2019-01-04,Orb of Alteration,Chaos Orb,0.14143,9
Betrayal,2019-01-05,Orb of Alteration,Chaos Orb,0.13893,9
Betrayal,2019-01-06,Orb of Alteration,Chaos Orb,0.1362,9
Betrayal,2019-01-07,Orb of Alteration,Chaos Orb,0.13333,9
Betrayal,2019-01-08,Orb of Alteration,Chaos Orb,0.12962,9
Betrayal,2019-01-09,Orb of Alteration,Chaos Orb,0.12742,9
Betrayal,2019-01-10,Orb of Alteration,Chaos Orb,0.12611,9
Betrayal,2019-01-11,Orb of Alteration,Chaos Orb,0.14245,9
Betrayal,2019-01-12,Orb of Alteration,Chaos Orb,0.14279,9
Betrayal,2019-01-13,Orb of Alteration,Chaos Orb,0.14369,9
Betrayal,2019-01-14,Orb of Alteration,Chaos Orb,0.15385,9
Betrayal,2019-01-15,Orb of Alteration,Chaos Orb,0.14167,9
Betrayal,2019-01-16,Orb of Alteration,Chaos Orb,0.12493,9
Betrayal,2019-01-17,Orb of Alteration,Chaos Orb,0.1143,9
Betrayal,2019-01-18,Orb of Alteration,Chaos Orb,0.10847,9
Betrayal,2019-01-19,Orb of Alteration,Chaos Orb,0.10256,9
Betrayal,2019-01-20,Orb of Alteration,Chaos Orb,0.09847,9
Betrayal,2019-01-21,Orb of Alteration,Chaos Orb,0.09091,9
Betrayal,2019-01-22,Orb of Alteration,Chaos Orb,0.0959,9
Betrayal,2019-01-23,Orb of Alteration,Chaos Orb,0.1,9
Betrayal,2019-01-24,Orb of Alteration,Chaos Orb,0.1075,9
Betrayal,2019-01-25,Orb of Alteration,Chaos Orb,0.11111,9
Betrayal,2019-01-26,Orb of Alteration,Chaos Orb,0.12493,9
Betrayal,2019-01-27,Orb of Alteration,Chaos Orb,0.15,9
Betrayal,2019-01-28,Orb of Alteration,Chaos Orb,0.16667,9
Betrayal,2019-01-29,Orb of Alteration,Chaos Orb,0.17902,9
Betrayal,2019-01-30,Orb of Alteration,Chaos Orb,0.17544,9
Betrayal,2019-01-31,Orb of Alteration,Chaos Orb,0.17977,9
Betrayal,2019-02-01,Orb of Alteration,Chaos Orb,0.20833,9
Betrayal,2019-02-02,Orb of Alteration,Chaos Orb,0.231,9
Betrayal,2019-02-03,Orb of Alteration,Chaos Orb,0.22222,9
Betrayal,2019-02-04,Orb of Alteration,Chaos Orb,0.22205,9
Betrayal,2019-02-05,Orb of Alteration,Chaos Orb,0.2174,9
Betrayal,2019-02-06,Orb of Alteration,Chaos Orb,0.21977,9
Betrayal,2019-02-07,Orb of Alteration,Chaos Orb,0.22176,9
Betrayal,2019-02-08,Orb of Alteration,Chaos Orb,0.22222,9
Betrayal,2019-02-09,Orb of Alteration,Chaos Orb,0.22222,9
Betrayal,2019-02-10,Orb of Alteration,Chaos Orb,0.22518,9
Betrayal,2019-02-11,Orb of Alteration,Chaos Orb,0.22727,9
Betrayal,2019-02-12,Orb of Alteration,Chaos Orb,0.22222,9
Betrayal,2019-02-13,Orb of Alteration,Chaos Orb,0.22643,9
Betrayal,2019-02-14,Orb of Alteration,Chaos Orb,0.23224,9
Betrayal,2019-02-15,Orb of Alteration,Chaos Orb,0.2381,9
Betrayal,2019-02-16,Orb of Alteration,Chaos Orb,0.2381,9
Betrayal,2019-02-17,Orb of Alteration,Chaos Orb,0.23807,9
Betrayal,2019-02-18,Orb of Alteration,Chaos Orb,0.2381,9
Betrayal,2019-02-19,Orb of Alteration,Chaos Orb,0.24159,9
Betrayal,2019-02-20,Orb of Alteration,Chaos Orb,0.22992,9
Betrayal,2019-02-21,Orb of Alteration,Chaos Orb,0.21816,9
Betrayal,2019-02-22,Orb of Alteration,Chaos Orb,0.21739,9
Betrayal,2019-02-23,Orb of Alteration,Chaos Orb,0.21781,9
Betrayal,2019-02-24,Orb of Alteration,Chaos Orb,0.22057,9
Betrayal,2019-02-25,Orb of Alteration,Chaos Orb,0.22222,9
Betrayal,2019-02-26,Orb of Alteration,Chaos Orb,0.22222,9
Betrayal,2019-02-27,Orb of Alteration,Chaos Orb,0.22222,9
Betrayal,2019-02-28,Orb of Alteration,Chaos Orb,0.22222,9
Betrayal,2019-03-01,Orb of Alteration,Chaos Orb,0.22222,9
Betrayal,2019-03-02,Orb of Alteration,Chaos Orb,0.22222,9
Betrayal,2019-03-03,Orb of Alteration,Chaos Orb,0.22032,9
Betrayal,2019-03-04,Orb of Alteration,Chaos Orb,0.21739,9
Betrayal,2019-03-05,Orb of Alteration,Chaos Orb,0.20896,9
Betrayal,2018-12-07,Blacksmith's Whetstone,Chaos Orb,1,10
Betrayal,2018-12-08,Blacksmith's Whetstone,Chaos Orb,0.14247,10
Betrayal,2018-12-09,Blacksmith's Whetstone,Chaos Orb,0.05977,10
Betrayal,2018-12-10,Blacksmith's Whetstone,Chaos Orb,0.056,10
Betrayal,2018-12-11,Blacksmith's Whetstone,Chaos Orb,0.04888,10
Betrayal,2018-12-12,Blacksmith's Whetstone,Chaos Orb,0.05,10
Betrayal,2018-12-13,Blacksmith's Whetstone,Chaos Orb,0.05223,10
Betrayal,2018-12-14,Blacksmith's Whetstone,Chaos Orb,0.05242,10
Betrayal,2018-12-15,Blacksmith's Whetstone,Chaos Orb,0.05,10
Betrayal,2018-12-16,Blacksmith's Whetstone,Chaos Orb,0.04848,10
Betrayal,2018-12-17,Blacksmith's Whetstone,Chaos Orb,0.04504,10
Betrayal,2018-12-18,Blacksmith's Whetstone,Chaos Orb,0.04333,10
Betrayal,2018-12-19,Blacksmith's Whetstone,Chaos Orb,0.04288,10
Betrayal,2018-12-20,Blacksmith's Whetstone,Chaos Orb,0.04167,10
Betrayal,2018-12-21,Blacksmith's Whetstone,Chaos Orb,0.04169,10
Betrayal,2018-12-22,Blacksmith's Whetstone,Chaos Orb,0.04085,10
Betrayal,2018-12-23,Blacksmith's Whetstone,Chaos Orb,0.03846,10
Betrayal,2018-12-24,Blacksmith's Whetstone,Chaos Orb,0.03492,10
Betrayal,2018-12-25,Blacksmith's Whetstone,Chaos Orb,0.03333,10
Betrayal,2018-12-26,Blacksmith's Whetstone,Chaos Orb,0.03333,10
Betrayal,2018-12-27,Blacksmith's Whetstone,Chaos Orb,0.03333,10
Betrayal,2018-12-28,Blacksmith's Whetstone,Chaos Orb,0.03571,10
Betrayal,2018-12-29,Blacksmith's Whetstone,Chaos Orb,0.03875,10
Betrayal,2018-12-30,Blacksmith's Whetstone,Chaos Orb,0.04,10
Betrayal,2018-12-31,Blacksmith's Whetstone,Chaos Orb,0.04,10
Betrayal,2019-01-01,Blacksmith's Whetstone,Chaos Orb,0.0403,10
Betrayal,2019-01-02,Blacksmith's Whetstone,Chaos Orb,0.03923,10
Betrayal,2019-01-03,Blacksmith's Whetstone,Chaos Orb,0.03846,10
Betrayal,2019-01-04,Blacksmith's Whetstone,Chaos Orb,0.03802,10
Betrayal,2019-01-05,Blacksmith's Whetstone,Chaos Orb,0.03704,10
Betrayal,2019-01-06,Blacksmith's Whetstone,Chaos Orb,0.03643,10
Betrayal,2019-01-07,Blacksmith's Whetstone,Chaos Orb,0.03825,10
Betrayal,2019-01-08,Blacksmith's Whetstone,Chaos Orb,0.03846,10
Betrayal,2019-01-09,Blacksmith's Whetstone,Chaos Orb,0.0399,10
Betrayal,2019-01-10,Blacksmith's Whetstone,Chaos Orb,0.04,10
Betrayal,2019-01-11,Blacksmith's Whetstone,Chaos Orb,0.04079,10
Betrayal,2019-01-12,Blacksmith's Whetstone,Chaos Orb,0.04106,10
Betrayal,2019-01-13,Blacksmith's Whetstone,Chaos Orb,0.04078,10
Betrayal,2019-01-14,Blacksmith's Whetstone,Chaos Orb,0.04167,10
Betrayal,2019-01-15,Blacksmith's Whetstone,Chaos Orb,0.043,10
Betrayal,2019-01-16,Blacksmith's Whetstone,Chaos Orb,0.04348,10
Betrayal,2019-01-17,Blacksmith's Whetstone,Chaos Orb,0.04167,10
Betrayal,2019-01-18,Blacksmith's Whetstone,Chaos Orb,0.04237,10
Betrayal,2019-01-19,Blacksmith's Whetstone,Chaos Orb,0.04151,10
Betrayal,2019-01-20,Blacksmith's Whetstone,Chaos Orb,0.03951,10
Betrayal,2019-01-21,Blacksmith's Whetstone,Chaos Orb,0.04122,10
Betrayal,2019-01-22,Blacksmith's Whetstone,Chaos Orb,0.03846,10
Betrayal,2019-01-23,Blacksmith's Whetstone,Chaos Orb,0.03832,10
Betrayal,2019-01-24,Blacksmith's Whetstone,Chaos Orb,0.04125,10
Betrayal,2019-01-25,Blacksmith's Whetstone,Chaos Orb,0.04042,10
Betrayal,2019-01-26,Blacksmith's Whetstone,Chaos Orb,0.03988,10
Betrayal,2019-01-27,Blacksmith's Whetstone,Chaos Orb,0.03502,10
Betrayal,2019-01-28,Blacksmith's Whetstone,Chaos Orb,0.03676,10
Betrayal,2019-01-29,Blacksmith's Whetstone,Chaos Orb,0.03607,10
Betrayal,2019-01-30,Blacksmith's Whetstone,Chaos Orb,0.03818,10
Betrayal,2019-01-31,Blacksmith's Whetstone,Chaos Orb,0.03846,10
Betrayal,2019-02-01,Blacksmith's Whetstone,Chaos Orb,0.03846,10
Betrayal,2019-02-02,Blacksmith's Whetstone,Chaos Orb,0.03819,10
Betrayal,2019-02-03,Blacksmith's Whetstone,Chaos Orb,0.03704,10
Betrayal,2019-02-04,Blacksmith's Whetstone,Chaos Orb,0.03707,10
Betrayal,2019-02-05,Blacksmith's Whetstone,Chaos Orb,0.04,10
Betrayal,2019-02-06,Blacksmith's Whetstone,Chaos Orb,0.03846,10
Betrayal,2019-02-07,Blacksmith's Whetstone,Chaos Orb,0.0373,10
Betrayal,2019-02-08,Blacksmith's Whetstone,Chaos Orb,0.03836,10
Betrayal,2019-02-09,Blacksmith's Whetstone,Chaos Orb,0.03704,10
Betrayal,2019-02-10,Blacksmith's Whetstone,Chaos Orb,0.03966,10
Betrayal,2019-02-11,Blacksmith's Whetstone,Chaos Orb,0.03846,10
Betrayal,2019-02-12,Blacksmith's Whetstone,Chaos Orb,0.03779,10
Betrayal,2019-02-13,Blacksmith's Whetstone,Chaos Orb,0.03819,10
Betrayal,2019-02-14,Blacksmith's Whetstone,Chaos Orb,0.03846,10
Betrayal,2019-02-15,Blacksmith's Whetstone,Chaos Orb,0.03846,10
Betrayal,2019-02-16,Blacksmith's Whetstone,Chaos Orb,0.03996,10
Betrayal,2019-02-17,Blacksmith's Whetstone,Chaos Orb,0.03846,10
Betrayal,2019-02-18,Blacksmith's Whetstone,Chaos Orb,0.03846,10
Betrayal,2019-02-19,Blacksmith's Whetstone,Chaos Orb,0.03846,10
Betrayal,2019-02-20,Blacksmith's Whetstone,Chaos Orb,0.03828,10
Betrayal,2019-02-21,Blacksmith's Whetstone,Chaos Orb,0.03655,10
Betrayal,2019-02-22,Blacksmith's Whetstone,Chaos Orb,0.03818,10
Betrayal,2019-02-23,Blacksmith's Whetstone,Chaos Orb,0.03571,10
Betrayal,2019-02-24,Blacksmith's Whetstone,Chaos Orb,0.03496,10
Betrayal,2019-02-25,Blacksmith's Whetstone,Chaos Orb,0.03333,10
Betrayal,2019-02-26,Blacksmith's Whetstone,Chaos Orb,0.03333,10
Betrayal,2019-02-27,Blacksmith's Whetstone,Chaos Orb,0.03333,10
Betrayal,2019-02-28,Blacksmith's Whetstone,Chaos Orb,0.03333,10
Betrayal,2019-03-01,Blacksmith's Whetstone,Chaos Orb,0.03333,10
Betrayal,2019-03-02,Blacksmith's Whetstone,Chaos Orb,0.03323,10
Betrayal,2019-03-03,Blacksmith's Whetstone,Chaos Orb,0.03333,10
Betrayal,2019-03-04,Blacksmith's Whetstone,Chaos Orb,0.03333,10
Betrayal,2019-03-05,Blacksmith's Whetstone,Chaos Orb,0.03326,10
Betrayal,2018-12-07,Orb of Augmentation,Chaos Orb,0.5,11
Betrayal,2018-12-08,Orb of Augmentation,Chaos Orb,0.06745,11
Betrayal,2018-12-09,Orb of Augmentation,Chaos Orb,0.04878,11
Betrayal,2018-12-10,Orb of Augmentation,Chaos Orb,0.04,11
Betrayal,2018-12-11,Orb of Augmentation,Chaos Orb,0.03939,11
Betrayal,2018-12-12,Orb of Augmentation,Chaos Orb,0.04292,11
Betrayal,2018-12-13,Orb of Augmentation,Chaos Orb,0.04545,11
Betrayal,2018-12-14,Orb of Augmentation,Chaos Orb,0.04724,11
Betrayal,2018-12-15,Orb of Augmentation,Chaos Orb,0.05556,11
Betrayal,2018-12-16,Orb of Augmentation,Chaos Orb,0.05213,11
Betrayal,2018-12-17,Orb of Augmentation,Chaos Orb,0.04762,11
Betrayal,2018-12-18,Orb of Augmentation,Chaos Orb,0.04762,11
Betrayal,2018-12-19,Orb of Augmentation,Chaos Orb,0.04762,11
Betrayal,2018-12-20,Orb of Augmentation,Chaos Orb,0.04762,11
Betrayal,2018-12-21,Orb of Augmentation,Chaos Orb,0.05263,11
Betrayal,2018-12-22,Orb of Augmentation,Chaos Orb,0.04762,11
Betrayal,2018-12-23,Orb of Augmentation,Chaos Orb,0.05,11
Betrayal,2018-12-24,Orb of Augmentation,Chaos Orb,0.05025,11
Betrayal,2018-12-25,Orb of Augmentation,Chaos Orb,0.04762,11
Betrayal,2018-12-26,Orb of Augmentation,Chaos Orb,0.05514,11
Betrayal,2018-12-27,Orb of Augmentation,Chaos Orb,0.06441,11
Betrayal,2018-12-28,Orb of Augmentation,Chaos Orb,0.06667,11
Betrayal,2018-12-29,Orb of Augmentation,Chaos Orb,0.06667,11
Betrayal,2018-12-30,Orb of Augmentation,Chaos Orb,0.06667,11
Betrayal,2018-12-31,Orb of Augmentation,Chaos Orb,0.06667,11
Betrayal,2019-01-01,Orb of Augmentation,Chaos Orb,0.06667,11
Betrayal,2019-01-02,Orb of Augmentation,Chaos Orb,0.06444,11
Betrayal,2019-01-03,Orb of Augmentation,Chaos Orb,0.06615,11
Betrayal,2019-01-04,Orb of Augmentation,Chaos Orb,0.06029,11
Betrayal,2019-01-05,Orb of Augmentation,Chaos Orb,0.05856,11
Betrayal,2019-01-06,Orb of Augmentation,Chaos Orb,0.05556,11
Betrayal,2019-01-07,Orb of Augmentation,Chaos Orb,0.05748,11
Betrayal,2019-01-08,Orb of Augmentation,Chaos Orb,0.05846,11
Betrayal,2019-01-09,Orb of Augmentation,Chaos Orb,0.05882,11
Betrayal,2019-01-10,Orb of Augmentation,Chaos Orb,0.05882,11
Betrayal,2019-01-11,Orb of Augmentation,Chaos Orb,0.06182,11
Betrayal,2019-01-12,Orb of Augmentation,Chaos Orb,0.06059,11
Betrayal,2019-01-13,Orb of Augmentation,Chaos Orb,0.06667,11
Betrayal,2019-01-14,Orb of Augmentation,Chaos Orb,0.06667,11
Betrayal,2019-01-15,Orb of Augmentation,Chaos Orb,0.06667,11
Betrayal,2019-01-16,Orb of Augmentation,Chaos Orb,0.06667,11
Betrayal,2019-01-17,Orb of Augmentation,Chaos Orb,0.06667,11
Betrayal,2019-01-18,Orb of Augmentation,Chaos Orb,0.06667,11
Betrayal,2019-01-19,Orb of Augmentation,Chaos Orb,0.06667,11
Betrayal,2019-01-20,Orb of Augmentation,Chaos Orb,0.07156,11
Betrayal,2019-01-21,Orb of Augmentation,Chaos Orb,0.07562,11
Betrayal,2019-01-22,Orb of Augmentation,Chaos Orb,0.08119,11
Betrayal,2019-01-23,Orb of Augmentation,Chaos Orb,0.07692,11
Betrayal,2019-01-24,Orb of Augmentation,Chaos Orb,0.07407,11
Betrayal,2019-01-25,Orb of Augmentation,Chaos Orb,0.07692,11
Betrayal,2019-01-26,Orb of Augmentation,Chaos Orb,0.07692,11
Betrayal,2019-01-27,Orb of Augmentation,Chaos Orb,0.07692,11
Betrayal,2019-01-28,Orb of Augmentation,Chaos Orb,0.07412,11
Betrayal,2019-01-29,Orb of Augmentation,Chaos Orb,0.07143,11
Betrayal,2019-01-30,Orb of Augmentation,Chaos Orb,0.07143,11
Betrayal,2019-01-31,Orb of Augmentation,Chaos Orb,0.07143,11
Betrayal,2019-02-01,Orb of Augmentation,Chaos Orb,0.06676,11
Betrayal,2019-02-02,Orb of Augmentation,Chaos Orb,0.06667,11
Betrayal,2019-02-03,Orb of Augmentation,Chaos Orb,0.06667,11
Betrayal,2019-02-04,Orb of Augmentation,Chaos Orb,0.06667,11
Betrayal,2019-02-05,Orb of Augmentation,Chaos Orb,0.06667,11
Betrayal,2019-02-06,Orb of Augmentation,Chaos Orb,0.06667,11
Betrayal,2019-02-07,Orb of Augmentation,Chaos Orb,0.06639,11
Betrayal,2019-02-08,Orb of Augmentation,Chaos Orb,0.06639,11
Betrayal,2019-02-09,Orb of Augmentation,Chaos Orb,0.06615,11
Betrayal,2019-02-10,Orb of Augmentation,Chaos Orb,0.06667,11
Betrayal,2019-02-11,Orb of Augmentation,Chaos Orb,0.06667,11
Betrayal,2019-02-12,Orb of Augmentation,Chaos Orb,0.06667,11
Betrayal,2019-02-13,Orb of Augmentation,Chaos Orb,0.06667,11
Betrayal,2019-02-14,Orb of Augmentation,Chaos Orb,0.06667,11
Betrayal,2019-02-15,Orb of Augmentation,Chaos Orb,0.06667,11
Betrayal,2019-02-16,Orb of Augmentation,Chaos Orb,0.06663,11
Betrayal,2019-02-17,Orb of Augmentation,Chaos Orb,0.06626,11
Betrayal,2019-02-18,Orb of Augmentation,Chaos Orb,0.06438,11
Betrayal,2019-02-19,Orb of Augmentation,Chaos Orb,0.06453,11
Betrayal,2019-02-20,Orb of Augmentation,Chaos Orb,0.06359,11
Betrayal,2019-02-21,Orb of Augmentation,Chaos Orb,0.06453,11
Betrayal,2019-02-22,Orb of Augmentation,Chaos Orb,0.06525,11
Betrayal,2019-02-23,Orb of Augmentation,Chaos Orb,0.06516,11
Betrayal,2019-02-24,Orb of Augmentation,Chaos Orb,0.06407,11
Betrayal,2019-02-25,Orb of Augmentation,Chaos Orb,0.06262,11
Betrayal,2019-02-26,Orb of Augmentation,Chaos Orb,0.05882,11
Betrayal,2019-02-27,Orb of Augmentation,Chaos Orb,0.05882,11
Betrayal,2019-02-28,Orb of Augmentation,Chaos Orb,0.06162,11
Betrayal,2019-03-01,Orb of Augmentation,Chaos Orb,0.0614,11
Betrayal,2019-03-02,Orb of Augmentation,Chaos Orb,0.05687,11
Betrayal,2019-03-03,Orb of Augmentation,Chaos Orb,0.05778,11
Betrayal,2019-03-04,Orb of Augmentation,Chaos Orb,0.06098,11
Betrayal,2019-03-05,Orb of Augmentation,Chaos Orb,0.06082,11
Betrayal,2018-12-07,Orb of Transmutation,Chaos Orb,0.3368,2
Betrayal,2018-12-08,Orb of Transmutation,Chaos Orb,0.06667,2
Betrayal,2018-12-09,Orb of Transmutation,Chaos Orb,0.04743,2
Betrayal,2018-12-10,Orb of Transmutation,Chaos Orb,0.04545,2
Betrayal,2018-12-11,Orb of Transmutation,Chaos Orb,0.04167,2
Betrayal,2018-12-12,Orb of Transmutation,Chaos Orb,0.04423,2
Betrayal,2018-12-13,Orb of Transmutation,Chaos Orb,0.04997,2
Betrayal,2018-12-14,Orb of Transmutation,Chaos Orb,0.04167,2
Betrayal,2018-12-15,Orb of Transmutation,Chaos Orb,0.04167,2
Betrayal,2018-12-16,Orb of Transmutation,Chaos Orb,0.03743,2
Betrayal,2018-12-17,Orb of Transmutation,Chaos Orb,0.03846,2
Betrayal,2018-12-18,Orb of Transmutation,Chaos Orb,0.03286,2
Betrayal,2018-12-19,Orb of Transmutation,Chaos Orb,0.03333,2
Betrayal,2018-12-20,Orb of Transmutation,Chaos Orb,0.03333,2
Betrayal,2018-12-21,Orb of Transmutation,Chaos Orb,0.03333,2
Betrayal,2018-12-22,Orb of Transmutation,Chaos Orb,0.03333,2
Betrayal,2018-12-23,Orb of Transmutation,Chaos Orb,0.03322,2
Betrayal,2018-12-24,Orb of Transmutation,Chaos Orb,0.03277,2
Betrayal,2018-12-25,Orb of Transmutation,Chaos Orb,0.03265,2
Betrayal,2018-12-26,Orb of Transmutation,Chaos Orb,0.03333,2
Betrayal,2018-12-27,Orb of Transmutation,Chaos Orb,0.03241,2
Betrayal,2018-12-28,Orb of Transmutation,Chaos Orb,0.03226,2
Betrayal,2018-12-29,Orb of Transmutation,Chaos Orb,0.03296,2
Betrayal,2018-12-30,Orb of Transmutation,Chaos Orb,0.03333,2
Betrayal,2018-12-31,Orb of Transmutation,Chaos Orb,0.03333,2
Betrayal,2019-01-01,Orb of Transmutation,Chaos Orb,0.03333,2
Betrayal,2019-01-02,Orb of Transmutation,Chaos Orb,0.03197,2
Betrayal,2019-01-03,Orb of Transmutation,Chaos Orb,0.03186,2
Betrayal,2019-01-04,Orb of Transmutation,Chaos Orb,0.03333,2
Betrayal,2019-01-05,Orb of Transmutation,Chaos Orb,0.03127,2
Betrayal,2019-01-06,Orb of Transmutation,Chaos Orb,0.03163,2
Betrayal,2019-01-07,Orb of Transmutation,Chaos Orb,0.03333,2
Betrayal,2019-01-08,Orb of Transmutation,Chaos Orb,0.03333,2
Betrayal,2019-01-09,Orb of Transmutation,Chaos Orb,0.03333,2
Betrayal,2019-01-10,Orb of Transmutation,Chaos Orb,0.03333,2
Betrayal,2019-01-11,Orb of Transmutation,Chaos Orb,0.03333,2
Betrayal,2019-01-12,Orb of Transmutation,Chaos Orb,0.03333,2
Betrayal,2019-01-13,Orb of Transmutation,Chaos Orb,0.03333,2
Betrayal,2019-01-14,Orb of Transmutation,Chaos Orb,0.03114,2
Betrayal,2019-01-15,Orb of Transmutation,Chaos Orb,0.03496,2
Betrayal,2019-01-16,Orb of Transmutation,Chaos Orb,0.03751,2
Betrayal,2019-01-17,Orb of Transmutation,Chaos Orb,0.03704,2
Betrayal,2019-01-18,Orb of Transmutation,Chaos Orb,0.03571,2
Betrayal,2019-01-19,Orb of Transmutation,Chaos Orb,0.03575,2
Betrayal,2019-01-20,Orb of Transmutation,Chaos Orb,0.03476,2
Betrayal,2019-01-21,Orb of Transmutation,Chaos Orb,0.03333,2
Betrayal,2019-01-22,Orb of Transmutation,Chaos Orb,0.03333,2
Betrayal,2019-01-23,Orb of Transmutation,Chaos Orb,0.03333,2
Betrayal,2019-01-24,Orb of Transmutation,Chaos Orb,0.03333,2
Betrayal,2019-01-25,Orb of Transmutation,Chaos Orb,0.03333,2
Betrayal,2019-01-26,Orb of Transmutation,Chaos Orb,0.03333,2
Betrayal,2019-01-27,Orb of Transmutation,Chaos Orb,0.03333,2
Betrayal,2019-01-28,Orb of Transmutation,Chaos Orb,0.03197,2
Betrayal,2019-01-29,Orb of Transmutation,Chaos Orb,0.03166,2
Betrayal,2019-01-30,Orb of Transmutation,Chaos Orb,0.03121,2
Betrayal,2019-01-31,Orb of Transmutation,Chaos Orb,0.03233,2
Betrayal,2019-02-01,Orb of Transmutation,Chaos Orb,0.03012,2
Betrayal,2019-02-02,Orb of Transmutation,Chaos Orb,0.0303,2
Betrayal,2019-02-03,Orb of Transmutation,Chaos Orb,0.02941,2
Betrayal,2019-02-04,Orb of Transmutation,Chaos Orb,0.03125,2
Betrayal,2019-02-05,Orb of Transmutation,Chaos Orb,0.02968,2
Betrayal,2019-02-06,Orb of Transmutation,Chaos Orb,0.02941,2
Betrayal,2019-02-07,Orb of Transmutation,Chaos Orb,0.02941,2
Betrayal,2019-02-08,Orb of Transmutation,Chaos Orb,0.02941,2
Betrayal,2019-02-09,Orb of Transmutation,Chaos Orb,0.0293,2
Betrayal,2019-02-10,Orb of Transmutation,Chaos Orb,0.02941,2
Betrayal,2019-02-11,Orb of Transmutation,Chaos Orb,0.03058,2
Betrayal,2019-02-12,Orb of Transmutation,Chaos Orb,0.03166,2
Betrayal,2019-02-13,Orb of Transmutation,Chaos Orb,0.02941,2
Betrayal,2019-02-14,Orb of Transmutation,Chaos Orb,0.02857,2
Betrayal,2019-02-15,Orb of Transmutation,Chaos Orb,0.02857,2
Betrayal,2019-02-16,Orb of Transmutation,Chaos Orb,0.02857,2
Betrayal,2019-02-17,Orb of Transmutation,Chaos Orb,0.02857,2
Betrayal,2019-02-18,Orb of Transmutation,Chaos Orb,0.02857,2
Betrayal,2019-02-19,Orb of Transmutation,Chaos Orb,0.02857,2
Betrayal,2019-02-20,Orb of Transmutation,Chaos Orb,0.025,2
Betrayal,2019-02-21,Orb of Transmutation,Chaos Orb,0.02546,2
Betrayal,2019-02-22,Orb of Transmutation,Chaos Orb,0.02698,2
Betrayal,2019-02-23,Orb of Transmutation,Chaos Orb,0.02778,2
Betrayal,2019-02-24,Orb of Transmutation,Chaos Orb,0.02567,2
Betrayal,2019-02-25,Orb of Transmutation,Chaos Orb,0.02654,2
Betrayal,2019-02-26,Orb of Transmutation,Chaos Orb,0.02439,2
Betrayal,2019-02-27,Orb of Transmutation,Chaos Orb,0.02439,2
Betrayal,2019-02-28,Orb of Transmutation,Chaos Orb,0.02446,2
Betrayal,2019-03-01,Orb of Transmutation,Chaos Orb,0.02486,2
Betrayal,2019-03-02,Orb of Transmutation,Chaos Orb,0.02483,2
Betrayal,2019-03-03,Orb of Transmutation,Chaos Orb,0.02734,2
Betrayal,2019-03-04,Orb of Transmutation,Chaos Orb,0.025,2
Betrayal,2019-03-05,Orb of Transmutation,Chaos Orb,0.0248,2
Betrayal,2018-12-07,Orb of Scouring,Chaos Orb,0.59623,8
Betrayal,2018-12-08,Orb of Scouring,Chaos Orb,0.33333,8
Betrayal,2018-12-09,Orb of Scouring,Chaos Orb,0.44228,8
Betrayal,2018-12-10,Orb of Scouring,Chaos Orb,0.45222,8
Betrayal,2018-12-11,Orb of Scouring,Chaos Orb,0.43809,8
Betrayal,2018-12-12,Orb of Scouring,Chaos Orb,0.43478,8
Betrayal,2018-12-13,Orb of Scouring,Chaos Orb,0.41526,8
Betrayal,2018-12-14,Orb of Scouring,Chaos Orb,0.39952,8
Betrayal,2018-12-15,Orb of Scouring,Chaos Orb,0.41667,8
Betrayal,2018-12-16,Orb of Scouring,Chaos Orb,0.38184,8
Betrayal,2018-12-17,Orb of Scouring,Chaos Orb,0.36667,8
Betrayal,2018-12-18,Orb of Scouring,Chaos Orb,0.36667,8
Betrayal,2018-12-19,Orb of Scouring,Chaos Orb,0.37779,8
Betrayal,2018-12-20,Orb of Scouring,Chaos Orb,0.36655,8
Betrayal,2018-12-21,Orb of Scouring,Chaos Orb,0.35487,8
Betrayal,2018-12-22,Orb of Scouring,Chaos Orb,0.33333,8
Betrayal,2018-12-23,Orb of Scouring,Chaos Orb,0.31772,8
Betrayal,2018-12-24,Orb of Scouring,Chaos Orb,0.32187,8
Betrayal,2018-12-25,Orb of Scouring,Chaos Orb,0.31343,8
Betrayal,2018-12-26,Orb of Scouring,Chaos Orb,0.30426,8
Betrayal,2018-12-27,Orb of Scouring,Chaos Orb,0.29037,8
Betrayal,2018-12-28,Orb of Scouring,Chaos Orb,0.27333,8
Betrayal,2018-12-29,Orb of Scouring,Chaos Orb,0.27716,8
Betrayal,2018-12-30,Orb of Scouring,Chaos Orb,0.28775,8
Betrayal,2018-12-31,Orb of Scouring,Chaos Orb,0.29187,8
Betrayal,2019-01-01,Orb of Scouring,Chaos Orb,0.28333,8
Betrayal,2019-01-02,Orb of Scouring,Chaos Orb,0.27681,8
Betrayal,2019-01-03,Orb of Scouring,Chaos Orb,0.27205,8
Betrayal,2019-01-04,Orb of Scouring,Chaos Orb,0.28047,8
Betrayal,2019-01-05,Orb of Scouring,Chaos Orb,0.28191,8
Betrayal,2019-01-06,Orb of Scouring,Chaos Orb,0.28421,8
Betrayal,2019-01-07,Orb of Scouring,Chaos Orb,0.29041,8
Betrayal,2019-01-08,Orb of Scouring,Chaos Orb,0.3,8
Betrayal,2019-01-09,Orb of Scouring,Chaos Orb,0.3,8
Betrayal,2019-01-10,Orb of Scouring,Chaos Orb,0.3125,8
Betrayal,2019-01-11,Orb of Scouring,Chaos Orb,0.31333,8
Betrayal,2019-01-12,Orb of Scouring,Chaos Orb,0.30913,8
Betrayal,2019-01-13,Orb of Scouring,Chaos Orb,0.311,8
Betrayal,2019-01-14,Orb of Scouring,Chaos Orb,0.31224,8
Betrayal,2019-01-15,Orb of Scouring,Chaos Orb,0.31398,8
Betrayal,2019-01-16,Orb of Scouring,Chaos Orb,0.31667,8
Betrayal,2019-01-17,Orb of Scouring,Chaos Orb,0.30674,8
Betrayal,2019-01-18,Orb of Scouring,Chaos Orb,0.31723,8
Betrayal,2019-01-19,Orb of Scouring,Chaos Orb,0.32332,8
Betrayal,2019-01-20,Orb of Scouring,Chaos Orb,0.32667,8
Betrayal,2019-01-21,Orb of Scouring,Chaos Orb,0.30303,8
Betrayal,2019-01-22,Orb of Scouring,Chaos Orb,0.29742,8
Betrayal,2019-01-23,Orb of Scouring,Chaos Orb,0.28571,8
Betrayal,2019-01-24,Orb of Scouring,Chaos Orb,0.2931,8
Betrayal,2019-01-25,Orb of Scouring,Chaos Orb,0.2935,8
Betrayal,2019-01-26,Orb of Scouring,Chaos Orb,0.29335,8
Betrayal,2019-01-27,Orb of Scouring,Chaos Orb,0.29589,8
Betrayal,2019-01-28,Orb of Scouring,Chaos Orb,0.32617,8
Betrayal,2019-01-29,Orb of Scouring,Chaos Orb,0.32787,8
Betrayal,2019-01-30,Orb of Scouring,Chaos Orb,0.32186,8
Betrayal,2019-01-31,Orb of Scouring,Chaos Orb,0.33333,8
Betrayal,2019-02-01,Orb of Scouring,Chaos Orb,0.33333,8
Betrayal,2019-02-02,Orb of Scouring,Chaos Orb,0.33333,8
Betrayal,2019-02-03,Orb of Scouring,Chaos Orb,0.36402,8
Betrayal,2019-02-04,Orb of Scouring,Chaos Orb,0.39801,8
Betrayal,2019-02-05,Orb of Scouring,Chaos Orb,0.4,8
Betrayal,2019-02-06,Orb of Scouring,Chaos Orb,0.4,8
Betrayal,2019-02-07,Orb of Scouring,Chaos Orb,0.39683,8
Betrayal,2019-02-08,Orb of Scouring,Chaos Orb,0.39683,8
Betrayal,2019-02-09,Orb of Scouring,Chaos Orb,0.41667,8
Betrayal,2019-02-10,Orb of Scouring,Chaos Orb,0.43373,8
Betrayal,2019-02-11,Orb of Scouring,Chaos Orb,0.43478,8
Betrayal,2019-02-12,Orb of Scouring,Chaos Orb,0.45918,8
Betrayal,2019-02-13,Orb of Scouring,Chaos Orb,0.45455,8
Betrayal,2019-02-14,Orb of Scouring,Chaos Orb,0.46054,8
Betrayal,2019-02-15,Orb of Scouring,Chaos Orb,0.47619,8
Betrayal,2019-02-16,Orb of Scouring,Chaos Orb,0.47598,8
Betrayal,2019-02-17,Orb of Scouring,Chaos Orb,0.47619,8
Betrayal,2019-02-18,Orb of Scouring,Chaos Orb,0.46512,8
Betrayal,2019-02-19,Orb of Scouring,Chaos Orb,0.46512,8
Betrayal,2019-02-20,Orb of Scouring,Chaos Orb,0.46199,8
Betrayal,2019-02-21,Orb of Scouring,Chaos Orb,0.44829,8
Betrayal,2019-02-22,Orb of Scouring,Chaos Orb,0.45036,8
Betrayal,2019-02-23,Orb of Scouring,Chaos Orb,0.4357,8
Betrayal,2019-02-24,Orb of Scouring,Chaos Orb,0.45327,8
Betrayal,2019-02-25,Orb of Scouring,Chaos Orb,0.45072,8
Betrayal,2019-02-26,Orb of Scouring,Chaos Orb,0.45455,8
Betrayal,2019-02-27,Orb of Scouring,Chaos Orb,0.46761,8
Betrayal,2019-02-28,Orb of Scouring,Chaos Orb,0.46667,8
Betrayal,2019-03-01,Orb of Scouring,Chaos Orb,0.45455,8
Betrayal,2019-03-02,Orb of Scouring,Chaos Orb,0.45356,8
Betrayal,2019-03-03,Orb of Scouring,Chaos Orb,0.45003,8
Betrayal,2019-03-04,Orb of Scouring,Chaos Orb,0.45184,8
Betrayal,2019-03-05,Orb of Scouring,Chaos Orb,0.45511,8
Betrayal,2018-12-07,Exalted Orb,Chaos Orb,19.34105,0
Betrayal,2018-12-08,Exalted Orb,Chaos Orb,41,0
Betrayal,2018-12-09,Exalted Orb,Chaos Orb,58,0
Betrayal,2018-12-10,Exalted Orb,Chaos Orb,72,0
Betrayal,2018-12-11,Exalted Orb,Chaos Orb,74.72035,0
Betrayal,2018-12-12,Exalted Orb,Chaos Orb,87,0
Betrayal,2018-12-13,Exalted Orb,Chaos Orb,93.15538,0
Betrayal,2018-12-14,Exalted Orb,Chaos Orb,97,0
Betrayal,2018-12-15,Exalted Orb,Chaos Orb,99,0
Betrayal,2018-12-16,Exalted Orb,Chaos Orb,97,0
Betrayal,2018-12-17,Exalted Orb,Chaos Orb,99,0
Betrayal,2018-12-18,Exalted Orb,Chaos Orb,110,0
Betrayal,2018-12-19,Exalted Orb,Chaos Orb,120,0
Betrayal,2018-12-20,Exalted Orb,Chaos Orb,124.97773,0
Betrayal,2018-12-21,Exalted Orb,Chaos Orb,131.5842,0
Betrayal,2018-12-22,Exalted Orb,Chaos Orb,135,0
Betrayal,2018-12-23,Exalted Orb,Chaos Orb,136.8647,0
Betrayal,2018-12-24,Exalted Orb,Chaos Orb,145,0
Betrayal,2018-12-25,Exalted Orb,Chaos Orb,154,0
Betrayal,2018-12-26,Exalted Orb,Chaos Orb,159,0
Betrayal,2018-12-27,Exalted Orb,Chaos Orb,140,0
Betrayal,2018-12-28,Exalted Orb,Chaos Orb,140,0
Betrayal,2018-12-29,Exalted Orb,Chaos Orb,144,0
Betrayal,2018-12-30,Exalted Orb,Chaos Orb,145.01562,0
Betrayal,2018-12-31,Exalted Orb,Chaos Orb,150,0
Betrayal,2019-01-01,Exalted Orb,Chaos Orb,155,0
Betrayal,2019-01-02,Exalted Orb,Chaos Orb,160,0
Betrayal,2019-01-03,Exalted Orb,Chaos Orb,163.08505,0
Betrayal,2019-01-04,Exalted Orb,Chaos Orb,163,0
Betrayal,2019-01-05,Exalted Orb,Chaos Orb,164,0
Betrayal,2019-01-06,Exalted Orb,Chaos Orb,165,0
Betrayal,2019-01-07,Exalted Orb,Chaos Orb,166,0
Betrayal,2019-01-08,Exalted Orb,Chaos Orb,170,0
Betrayal,2019-01-09,Exalted Orb,Chaos Orb,172.005,0
Betrayal,2019-01-10,Exalted Orb,Chaos Orb,173,0
Betrayal,2019-01-11,Exalted Orb,Chaos Orb,172,0
Betrayal,2019-01-12,Exalted Orb,Chaos Orb,170,0
Betrayal,2019-01-13,Exalted Orb,Chaos Orb,170,0
Betrayal,2019-01-14,Exalted Orb,Chaos Orb,171,0
Betrayal,2019-01-15,Exalted Orb,Chaos Orb,173,0
Betrayal,2019-01-16,Exalted Orb,Chaos Orb,175,0
Betrayal,2019-01-17,Exalted Orb,Chaos Orb,180,0
Betrayal,2019-01-18,Exalted Orb,Chaos Orb,183.4816,0
Betrayal,2019-01-19,Exalted Orb,Chaos Orb,190,0
Betrayal,2019-01-20,Exalted Orb,Chaos Orb,192.72587,0
Betrayal,2019-01-21,Exalted Orb,Chaos Orb,180,0
Betrayal,2019-01-22,Exalted Orb,Chaos Orb,175,0
Betrayal,2019-01-23,Exalted Orb,Chaos Orb,180,0
Betrayal,2019-01-24,Exalted Orb,Chaos Orb,185,0
Betrayal,2019-01-25,Exalted Orb,Chaos Orb,190,0
Betrayal,2019-01-26,Exalted Orb,Chaos Orb,192.27054,0
Betrayal,2019-01-27,Exalted Orb,Chaos Orb,193.06092,0
Betrayal,2019-01-28,Exalted Orb,Chaos Orb,193.57179,0
Betrayal,2019-01-29,Exalted Orb,Chaos Orb,195,0
Betrayal,2019-01-30,Exalted Orb,Chaos Orb,195.79593,0
Betrayal,2019-01-31,Exalted Orb,Chaos Orb,197,0
Betrayal,2019-02-01,Exalted Orb,Chaos Orb,196,0
Betrayal,2019-02-02,Exalted Orb,Chaos Orb,193.505,0
Betrayal,2019-02-03,Exalted Orb,Chaos Orb,190,0
Betrayal,2019-02-04,Exalted Orb,Chaos Orb,186,0
Betrayal,2019-02-05,Exalted Orb,Chaos Orb,175,0
Betrayal,2019-02-06,Exalted Orb,Chaos Orb,174.97848,0
Betrayal,2019-02-07,Exalted Orb,Chaos Orb,186,0
Betrayal,2019-02-08,Exalted Orb,Chaos Orb,188,0
Betrayal,2019-02-09,Exalted Orb,Chaos Orb,184.9433,0
Betrayal,2019-02-10,Exalted Orb,Chaos Orb,178.70589,0
Betrayal,2019-02-11,Exalted Orb,Chaos Orb,177,0
Betrayal,2019-02-12,Exalted Orb,Chaos Orb,175,0
Betrayal,2019-02-13,Exalted Orb,Chaos Orb,175,0
Betrayal,2019-02-14,Exalted Orb,Chaos Orb,174,0
Betrayal,2019-02-15,Exalted Orb,Chaos Orb,171.54701,0
Betrayal,2019-02-16,Exalted Orb,Chaos Orb,170,0
Betrayal,2019-02-17,Exalted Orb,Chaos Orb,166,0
Betrayal,2019-02-18,Exalted Orb,Chaos Orb,163,0
Betrayal,2019-02-19,Exalted Orb,Chaos Orb,158.9868,0
Betrayal,2019-02-20,Exalted Orb,Chaos Orb,154,0
Betrayal,2019-02-21,Exalted Orb,Chaos Orb,158,0
Betrayal,2019-02-22,Exalted Orb,Chaos Orb,159,0
Betrayal,2019-02-23,Exalted Orb,Chaos Orb,158,0
Betrayal,2019-02-24,Exalted Orb,Chaos Orb,157,0
Betrayal,2019-02-25,Exalted Orb,Chaos Orb,157.12519,0
Betrayal,2019-02-26,Exalted Orb,Chaos Orb,157.76603,0
Betrayal,2019-02-27,Exalted Orb,Chaos Orb,159.87462,0
Betrayal,2019-02-28,Exalted Orb,Chaos Orb,159,0
Betrayal,2019-03-01,Exalted Orb,Chaos Orb,160,0
Betrayal,2019-03-02,Exalted Orb,Chaos Orb,160,0
Betrayal,2019-03-03,Exalted Orb,Chaos Orb,159.31158,0
Betrayal,2019-03-04,Exalted Orb,Chaos Orb,160,0
Betrayal,2019-03-05,Exalted Orb,Chaos Orb,160,0
Betrayal,2018-12-07,Orb of Annulment,Chaos Orb,3,1
Betrayal,2018-12-08,Orb of Annulment,Chaos Orb,2,1
Betrayal,2018-12-09,Orb of Annulment,Chaos Orb,3,1
Betrayal,2018-12-10,Orb of Annulment,Chaos Orb,3,1
Betrayal,2018-12-11,Orb of Annulment,Chaos Orb,4,1
Betrayal,2018-12-12,Orb of Annulment,Chaos Orb,5,1
Betrayal,2018-12-13,Orb of Annulment,Chaos Orb,5,1
Betrayal,2018-12-14,Orb of Annulment,Chaos Orb,6,1
Betrayal,2018-12-15,Orb of Annulment,Chaos Orb,7.98868,1
Betrayal,2018-12-16,Orb of Annulment,Chaos Orb,7,1
Betrayal,2018-12-17,Orb of Annulment,Chaos Orb,9,1
Betrayal,2018-12-18,Orb of Annulment,Chaos Orb,10.703,1
Betrayal,2018-12-19,Orb of Annulment,Chaos Orb,11.83755,1
Betrayal,2018-12-20,Orb of Annulment,Chaos Orb,13,1
Betrayal,2018-12-21,Orb of Annulment,Chaos Orb,13,1
Betrayal,2018-12-22,Orb of Annulment,Chaos Orb,14,1
Betrayal,2018-12-23,Orb of Annulment,Chaos Orb,13,1
Betrayal,2018-12-24,Orb of Annulment,Chaos Orb,14,1
Betrayal,2018-12-25,Orb of Annulment,Chaos Orb,15,1
Betrayal,2018-12-26,Orb of Annulment,Chaos Orb,15.12356,1
Betrayal,2018-12-27,Orb of Annulment,Chaos Orb,16.46343,1
Betrayal,2018-12-28,Orb of Annulment,Chaos Orb,17,1
Betrayal,2018-12-29,Orb of Annulment,Chaos Orb,17,1
Betrayal,2018-12-30,Orb of Annulment,Chaos Orb,17,1
Betrayal,2018-12-31,Orb of Annulment,Chaos Orb,18,1
Betrayal,2019-01-01,Orb of Annulment,Chaos Orb,19,1
Betrayal,2019-01-02,Orb of Annulment,Chaos Orb,20,1
Betrayal,2019-01-03,Orb of Annulment,Chaos Orb,20,1
Betrayal,2019-01-04,Orb of Annulment,Chaos Orb,22,1
Betrayal,2019-01-05,Orb of Annulment,Chaos Orb,23,1
Betrayal,2019-01-06,Orb of Annulment,Chaos Orb,24,1
Betrayal,2019-01-07,Orb of Annulment,Chaos Orb,25,1
Betrayal,2019-01-08,Orb of Annulment,Chaos Orb,28,1
Betrayal,2019-01-09,Orb of Annulment,Chaos Orb,29,1
Betrayal,2019-01-10,Orb of Annulment,Chaos Orb,29,1
Betrayal,2019-01-11,Orb of Annulment,Chaos Orb,30,1
Betrayal,2019-01-12,Orb of Annulment,Chaos Orb,29.37097,1
Betrayal,2019-01-13,Orb of Annulment,Chaos Orb,29,1
Betrayal,2019-01-14,Orb of Annulment,Chaos Orb,30,1
Betrayal,2019-01-15,Orb of Annulment,Chaos Orb,30,1
Betrayal,2019-01-16,Orb of Annulment,Chaos Orb,30,1
Betrayal,2019-01-17,Orb of Annulment,Chaos Orb,31,1
Betrayal,2019-01-18,Orb of Annulment,Chaos Orb,32,1
Betrayal,2019-01-19,Orb of Annulment,Chaos Orb,33,1
Betrayal,2019-01-20,Orb of Annulment,Chaos Orb,33,1
Betrayal,2019-01-21,Orb of Annulment,Chaos Orb,32,1
Betrayal,2019-01-22,Orb of Annulment,Chaos Orb,32,1
Betrayal,2019-01-23,Orb of Annulment,Chaos Orb,31,1
Betrayal,2019-01-24,Orb of Annulment,Chaos Orb,31,1
Betrayal,2019-01-25,Orb of Annulment,Chaos Orb,31,1
Betrayal,2019-01-26,Orb of Annulment,Chaos Orb,30,1
Betrayal,2019-01-27,Orb of Annulment,Chaos Orb,30,1
Betrayal,2019-01-28,Orb of Annulment,Chaos Orb,31,1
Betrayal,2019-01-29,Orb of Annulment,Chaos Orb,30.91613,1
Betrayal,2019-01-30,Orb of Annulment,Chaos Orb,31,1
Betrayal,2019-01-31,Orb of Annulment,Chaos Orb,31,1
Betrayal,2019-02-01,Orb of Annulment,Chaos Orb,32,1
Betrayal,2019-02-02,Orb of Annulment,Chaos Orb,34,1
Betrayal,2019-02-03,Orb of Annulment,Chaos Orb,35,1
Betrayal,2019-02-04,Orb of Annulment,Chaos Orb,35,1
Betrayal,2019-02-05,Orb of Annulment,Chaos Orb,36.8705,1
Betrayal,2019-02-06,Orb of Annulment,Chaos Orb,37,1
Betrayal,2019-02-07,Orb of Annulment,Chaos Orb,38,1
Betrayal,2019-02-08,Orb of Annulment,Chaos Orb,38,1
Betrayal,2019-02-09,Orb of Annulment,Chaos Orb,39,1
Betrayal,2019-02-10,Orb of Annulment,Chaos Orb,38,1
Betrayal,2019-02-11,Orb of Annulment,Chaos Orb,38,1
Betrayal,2019-02-12,Orb of Annulment,Chaos Orb,40,1
Betrayal,2019-02-13,Orb of Annulment,Chaos Orb,40,1
Betrayal,2019-02-14,Orb of Annulment,Chaos Orb,40,1
Betrayal,2019-02-15,Orb of Annulment,Chaos Orb,40,1
Betrayal,2019-02-16,Orb of Annulment,Chaos Orb,40,1
Betrayal,2019-02-17,Orb of Annulment,Chaos Orb,40,1
Betrayal,2019-02-18,Orb of Annulment,Chaos Orb,39,1
Betrayal,2019-02-19,Orb of Annulment,Chaos Orb,40,1
Betrayal,2019-02-20,Orb of Annulment,Chaos Orb,40,1
Betrayal,2019-02-21,Orb of Annulment,Chaos Orb,38,1
Betrayal,2019-02-22,Orb of Annulment,Chaos Orb,38.27871,1
Betrayal,2019-02-23,Orb of Annulment,Chaos Orb,40,1
Betrayal,2019-02-24,Orb of Annulment,Chaos Orb,40,1
Betrayal,2019-02-25,Orb of Annulment,Chaos Orb,40,1
Betrayal,2019-02-26,Orb of Annulment,Chaos Orb,40.03125,1
Betrayal,2019-02-27,Orb of Annulment,Chaos Orb,44.75663,1
Betrayal,2019-02-28,Orb of Annulment,Chaos Orb,48.00412,1
Betrayal,2019-03-01,Orb of Annulment,Chaos Orb,48,1
Betrayal,2019-03-02,Orb of Annulment,Chaos Orb,47.21881,1
Betrayal,2019-03-03,Orb of Annulment,Chaos Orb,46,1
Betrayal,2019-03-04,Orb of Annulment,Chaos Orb,48,1
Betrayal,2019-03-05,Orb of Annulment,Chaos Orb,45,1
